Heartrate;Speed;Cadence;Steplenght;Inclination;Timestamp
71;0.059648;2.0;0.029824;2.5;2020-02-03 09:54:35.303000
71;0.05791008;1.79;0.032352;3.5;2020-02-03 09:54:36.339000
71;0.07144928;1.91;0.037408;3.5;2020-02-03 09:54:37.358000
71;0.063336;1.82;0.0348;3.5;2020-02-03 09:54:38.385000
71;0.0578336;1.705;0.03392;2.5;2020-02-03 09:54:39.421000
71;0.05568264;1.755;0.031728;3.5;2020-02-03 09:54:41.476000
71;0.0583704;1.815;0.03216;3.5;2020-02-03 09:54:42.495000
71;0.05589424;1.91;0.029264;2.5;2020-02-03 09:54:45.518000
72;0.0560028;1.695;0.03304;2.5;2020-02-03 09:54:46.536000
72;0.0668976;1.925;0.034752;2.5;2020-02-03 09:54:49.559000
71;0.06273208;1.895;0.033104;2.5;2020-02-03 09:54:51.602000
71;0.06907176;1.935;0.035696;1.5;2020-02-03 09:54:54.625000
71;0.06139488;1.86;0.033008;2.5;2020-02-03 09:54:55.643000
71;0.0623744;1.76;0.03544;1.5;2020-02-03 09:54:58.667000
72;0.06078976;1.915;0.031744;2.5;2020-02-03 09:54:59.691000
72;0.05827248;1.845;0.031584;3.5;2020-02-03 09:55:00.725000
72;0.06280752;1.79;0.035088;1.5;2020-02-03 09:55:03.748000
72;0.05637632;1.82;0.030976;3.5;2020-02-03 09:55:04.766000
72;0.05952744;1.905;0.031248;2.5;2020-02-03 09:55:07.790000
73;0.05393432;1.835;0.029392;2.5;2020-02-03 09:55:08.814000
73;0.0586432;1.925;0.030464;1.5;2020-02-03 09:55:09.848000
73;0.05039768;2.005;0.025136;1.5;2020-02-03 09:55:12.872000
73;0.0539904;1.9;0.028416;1.5;2020-02-03 09:55:13.889000
73;0.0521768;1.73;0.03016;1.5;2020-02-03 09:55:16.913000
73;0.0592704;1.89;0.03136;2.5;2020-02-03 09:55:17.937000
73;0.0546916;1.825;0.029968;2.5;2020-02-03 09:55:18.971000
73;0.06612672;1.86;0.035552;1.5;2020-02-03 09:55:21.995000
73;0.0669024;1.8;0.037168;2.5;2020-02-03 09:55:23.013000
73;0.0628704;1.8;0.034928;2.5;2020-02-03 09:55:26.035000
74;0.06249248;1.79;0.034912;2.5;2020-02-03 09:55:27.060000
74;0.0596656;1.78;0.03352;3.5;2020-02-03 09:55:28.094000
74;0.0673728;1.74;0.03872;3.5;2020-02-03 09:55:31.117000
74;0.0733824;1.95;0.037632;1.5;2020-02-03 09:55:32.136000
74;0.05738216;1.655;0.034672;1.5;2020-02-03 09:55:35.159000
74;0.0514216;1.615;0.03184;3.5;2020-02-03 09:55:36.183000
74;0.04970848;1.63;0.030496;1.5;2020-02-03 09:55:37.217000
74;0.04884;1.85;0.0264;1.5;2020-02-03 09:55:40.240000
74;0.05230016;1.87;0.027968;3.5;2020-02-03 09:55:41.258000
74;0.0520336;1.7;0.030608;2.5;2020-02-03 09:55:44.282000
74;0.05324256;1.71;0.031136;3.5;2020-02-03 09:55:45.306000
75;0.06164704;1.885;0.032704;3.5;2020-02-03 09:55:46.340000
75;0.068174;1.915;0.0356;1.5;2020-02-03 09:55:49.363000
75;0.05329992;1.685;0.031632;2.5;2020-02-03 09:55:50.382000
75;0.05513664;1.88;0.029328;1.5;2020-02-03 09:55:53.405000
75;0.0583352;1.925;0.030304;3.5;2020-02-03 09:55:54.430000
75;0.06121088;1.94;0.031552;3.5;2020-02-03 09:55:55.464000
75;0.0580752;1.85;0.031392;2.5;2020-02-03 09:55:56.482000
75;0.05774288;1.955;0.029536;3.5;2020-02-03 09:55:59.505000
75;0.05989312;2.03;0.029504;2.5;2020-02-03 09:56:02.528000
75;0.0585936;1.95;0.030048;2.5;2020-02-03 09:56:03.553000
75;0.0663192;1.83;0.03624;1.5;2020-02-03 09:56:04.586000
75;0.06306528;1.835;0.034368;2.5;2020-02-03 09:56:05.604000
75;0.06001824;2.02;0.029712;1.5;2020-02-03 09:56:08.628000
75;0.06024816;1.935;0.031136;2.5;2020-02-03 09:56:11.651000
76;0.057442;1.925;0.02984;3.5;2020-02-03 09:56:12.675000
76;0.0591264;1.8;0.032848;3.5;2020-02-03 09:56:13.709000
76;0.0537896;1.775;0.030304;2.5;2020-02-03 09:56:14.727000
76;0.05846128;1.91;0.030608;3.5;2020-02-03 09:56:17.750000
76;0.060024;2.05;0.02928;3.5;2020-02-03 09:56:20.774000
76;0.0644396;1.775;0.036304;3.5;2020-02-03 09:56:21.798000
76;0.06711712;1.805;0.037184;2.5;2020-02-03 09:56:22.832000
76;0.06447456;1.835;0.035136;2.5;2020-02-03 09:56:23.850000
76;0.06489552;1.765;0.036768;2.5;2020-02-03 09:56:26.874000
76;0.06749952;1.88;0.035904;2.5;2020-02-03 09:56:27.892000
76;0.05969408;1.78;0.033536;2.5;2020-02-03 09:56:30.915000
76;0.06482216;1.985;0.032656;2.5;2020-02-03 09:56:32.958000
76;0.0529872;1.995;0.02656;3.5;2020-02-03 09:56:35.981000
76;0.05178656;1.895;0.027328;1.5;2020-02-03 09:56:36.999000
76;0.04181128;1.895;0.022064;3.5;2020-02-03 09:56:40.021000
76;0.04788752;1.91;0.025072;3.5;2020-02-03 09:56:43.045000
76;0.05277344;1.78;0.029648;2.5;2020-02-03 09:56:44.069000
76;0.0533484;1.825;0.029232;2.5;2020-02-03 09:56:45.088000
76;0.05367136;1.79;0.029984;2.5;2020-02-03 09:56:46.106000
76;0.06026496;1.77;0.034048;3.5;2020-02-03 09:56:49.129000
76;0.04922112;1.74;0.028288;3.5;2020-02-03 09:56:50.147000
77;0.05111808;1.56;0.032768;1.5;2020-02-03 09:56:53.177000
77;0.06182616;1.815;0.034064;1.5;2020-02-03 09:56:54.210000
77;0.05689968;1.835;0.031008;2.5;2020-02-03 09:56:55.229000
77;0.06364168;1.895;0.033584;1.5;2020-02-03 09:56:58.252000
77;0.06085632;1.92;0.031696;2.5;2020-02-03 09:56:59.270000
77;0.05610192;2.065;0.027168;2.5;2020-02-03 09:57:02.293000
77;0.06227432;2.105;0.029584;1.5;2020-02-03 09:57:04.336000
77;0.0615196;2.075;0.029648;1.5;2020-02-03 09:57:07.359000
77;0.06189768;1.945;0.031824;3.5;2020-02-03 09:57:08.378000
77;0.0600096;1.995;0.03008;1.5;2020-02-03 09:57:11.401000
77;0.06377184;1.98;0.032208;1.5;2020-02-03 09:57:12.425000
77;0.06244432;1.915;0.032608;2.5;2020-02-03 09:57:13.459000
77;0.07031856;1.91;0.036816;2.5;2020-02-03 09:57:16.482000
76;0.07055384;1.805;0.039088;2.5;2020-02-03 09:57:17.501000
76;0.06320768;1.84;0.034352;2.5;2020-02-03 09:57:20.525000
76;0.0677248;1.76;0.03848;3.5;2020-02-03 09:57:21.549000
76;0.05762976;1.735;0.033216;1.5;2020-02-03 09:57:22.583000
76;0.05697888;1.83;0.031136;1.5;2020-02-03 09:57:23.601000
76;0.06090608;1.91;0.031888;1.5;2020-02-03 09:57:26.625000
76;0.04906224;1.845;0.026592;2.5;2020-02-03 09:57:29.648000
76;0.05984;2.0;0.02992;1.5;2020-02-03 09:57:30.673000
76;0.0574488;1.975;0.029088;2.5;2020-02-03 09:57:31.707000
76;0.05047424;1.88;0.026848;1.5;2020-02-03 09:57:32.725000
76;0.04864992;1.87;0.026016;3.5;2020-02-03 09:57:35.748000
76;0.05444352;2.04;0.026688;1.5;2020-02-03 09:57:36.766000
77;0.0550368;1.95;0.028224;3.5;2020-02-03 09:57:39.790000
76;0.0553476;1.925;0.028752;3.5;2020-02-03 09:57:40.815000
76;0.05502064;1.835;0.029984;2.5;2020-02-03 09:57:41.833000
76;0.06202152;1.845;0.033616;3.5;2020-02-03 09:57:44.856000
76;0.06393536;1.765;0.036224;3.5;2020-02-03 09:57:45.875000
76;0.06131528;1.885;0.032528;2.5;2020-02-03 09:57:48.898000
76;0.05879048;1.895;0.031024;2.5;2020-02-03 09:57:49.922000
76;0.0677208;2.03;0.03336;3.5;2020-02-03 09:57:50.956000
76;0.0592888;1.85;0.032048;3.5;2020-02-03 09:57:53.979000
76;0.05087152;1.855;0.027424;1.5;2020-02-03 09:57:54.998000
77;0.06155968;1.96;0.031408;1.5;2020-02-03 09:57:58.021000
77;0.0626096;1.795;0.03488;3.5;2020-02-03 09:57:59.046000
77;0.0625936;1.775;0.035264;1.5;2020-02-03 09:58:00.080000
77;0.0569696;1.9;0.029984;1.5;2020-02-03 09:58:01.098000
77;0.06342048;1.83;0.034656;2.5;2020-02-03 09:58:04.121000
78;0.06286504;1.715;0.036656;2.5;2020-02-03 09:58:05.139000
78;0.0626976;1.8;0.034832;1.5;2020-02-03 09:58:08.170000
78;0.0653268;1.925;0.033936;1.5;2020-02-03 09:58:09.203000
78;0.06112;1.91;0.032;2.5;2020-02-03 09:58:10.222000
78;0.06290392;1.915;0.032848;2.5;2020-02-03 09:58:13.245000
78;0.06373632;1.93;0.033024;3.5;2020-02-03 09:58:14.263000
78;0.06049152;1.77;0.034176;1.5;2020-02-03 09:58:15.288000
78;0.0615136;1.88;0.03272;3.5;2020-02-03 09:58:16.306000
78;0.0631072;2.05;0.030784;2.5;2020-02-03 09:58:18.327000
78;0.0629624;1.865;0.03376;3.5;2020-02-03 09:58:19.345000
78;0.07144512;1.905;0.037504;2.5;2020-02-03 09:58:22.369000
78;0.0673712;1.975;0.034112;3.5;2020-02-03 09:58:23.387000
78;0.0674228;1.825;0.036944;1.5;2020-02-03 09:58:26.411000
78;0.07035984;1.83;0.038448;1.5;2020-02-03 09:58:27.436000
78;0.0683064;1.79;0.03816;2.5;2020-02-03 09:58:28.454000
78;0.06197136;1.815;0.034144;1.5;2020-02-03 09:58:31.477000
78;0.05992192;1.78;0.033664;3.5;2020-02-03 09:58:32.495000
78;0.06705936;1.805;0.037152;2.5;2020-02-03 09:58:33.514000
78;0.06545616;1.815;0.036064;3.5;2020-02-03 09:58:34.531000
78;0.0672144;1.9;0.035376;1.5;2020-02-03 09:58:35.541000
78;0.07273344;1.88;0.038688;2.5;2020-02-03 09:58:36.574000
78;0.067704;1.86;0.0364;1.5;2020-02-03 09:58:37.593000
78;0.06311872;1.93;0.032704;1.5;2020-02-03 09:58:38.611000
78;0.06485816;1.745;0.037168;2.5;2020-02-03 09:58:39.629000
77;0.055774;1.765;0.0316;3.5;2020-02-03 09:58:40.647000
78;0.0586752;1.91;0.03072;3.5;2020-02-03 09:58:41.672000
78;0.06212416;1.96;0.031696;2.5;2020-02-03 09:58:42.690000
78;0.06348896;1.99;0.031904;2.5;2020-02-03 09:58:43.708000
78;0.05591088;1.845;0.030304;1.5;2020-02-03 09:58:46.731000
78;0.05814272;1.67;0.034816;3.5;2020-02-03 09:58:47.749000
78;0.06071208;1.885;0.032208;2.5;2020-02-03 09:58:50.779000
78;0.0707476;1.925;0.036752;1.5;2020-02-03 09:58:51.812000
78;0.0597996;1.695;0.03528;1.5;2020-02-03 09:58:52.831000
79;0.06612912;1.71;0.038672;1.5;2020-02-03 09:58:55.854000
79;0.0544096;1.735;0.03136;2.5;2020-02-03 09:58:56.871000
79;0.05696768;1.76;0.032368;3.5;2020-02-03 09:58:59.901000
79;0.058548;1.75;0.033456;1.5;2020-02-03 09:59:00.935000
79;0.0597304;1.895;0.03152;1.5;2020-02-03 09:59:01.953000
79;0.05878848;2.01;0.029248;3.5;2020-02-03 09:59:04.976000
79;0.06007872;1.885;0.031872;1.5;2020-02-03 09:59:05.994000
79;0.055932;1.77;0.0316;2.5;2020-02-03 09:59:09.018000
79;0.05699288;1.715;0.033232;3.5;2020-02-03 09:59:10.042000
79;0.053544;1.725;0.03104;2.5;2020-02-03 09:59:11.061000
79;0.05023872;1.68;0.029904;3.5;2020-02-03 09:59:14.084000
79;0.05089152;1.74;0.029248;1.5;2020-02-03 09:59:15.102000
79;0.05007024;1.635;0.030624;3.5;2020-02-03 09:59:18.125000
78;0.0634908;1.685;0.03768;1.5;2020-02-03 09:59:19.149000
78;0.0550024;1.745;0.03152;1.5;2020-02-03 09:59:20.183000
78;0.061852;1.75;0.035344;2.5;2020-02-03 09:59:23.206000
79;0.06234272;1.78;0.035024;3.5;2020-02-03 09:59:24.224000
79;0.06978;1.875;0.037216;1.5;2020-02-03 09:59:27.249000
79;0.07463232;1.89;0.039488;1.5;2020-02-03 09:59:28.273000
79;0.0744744;1.95;0.038192;1.5;2020-02-03 09:59:29.307000
79;0.06260432;1.865;0.033568;3.5;2020-02-03 09:59:30.325000
79;0.05856008;1.795;0.032624;2.5;2020-02-03 09:59:33.348000
79;0.06284808;1.845;0.034064;3.5;2020-02-03 09:59:36.371000
79;0.059444;1.925;0.03088;2.5;2020-02-03 09:59:37.396000
79;0.056696;1.865;0.0304;3.5;2020-02-03 09:59:38.429000
79;0.05655888;1.81;0.031248;1.5;2020-02-03 09:59:39.447000
79;0.06124624;1.955;0.031328;3.5;2020-02-03 09:59:40.465000
79;0.06338368;1.94;0.032672;2.5;2020-02-03 09:59:41.483000
79;0.05813456;1.87;0.031088;2.5;2020-02-03 09:59:42.508000
79;0.06039488;1.82;0.033184;1.5;2020-02-03 09:59:43.541000
79;0.056374;1.775;0.03176;1.5;2020-02-03 09:59:46.564000
79;0.04821856;1.73;0.027872;2.5;2020-02-03 09:59:47.582000
79;0.05528736;1.62;0.034128;3.5;2020-02-03 09:59:50.605000
79;0.05439632;1.705;0.031904;2.5;2020-02-03 09:59:51.630000
79;0.0548552;1.795;0.03056;2.5;2020-02-03 09:59:52.664000
79;0.05008848;1.745;0.028704;1.5;2020-02-03 09:59:55.687000
80;0.05192144;1.91;0.027184;2.5;2020-02-03 09:59:56.705000
80;0.05292;1.75;0.03024;2.5;2020-02-03 09:59:57.723000
79;0.05188344;1.735;0.029904;3.5;2020-02-03 09:59:58.742000
80;0.05776128;1.84;0.031392;3.5;2020-02-03 09:59:59.766000
80;0.0544684;1.715;0.03176;1.5;2020-02-03 10:00:00.784000
80;0.05450192;1.79;0.030448;3.5;2020-02-03 10:00:01.802000
80;0.05896832;1.84;0.032048;3.5;2020-02-03 10:00:04.826000
80;0.05445312;1.795;0.030336;2.5;2020-02-03 10:00:05.844000
80;0.05494016;1.76;0.031216;2.5;2020-02-03 10:00:06.868000
80;0.0493764;1.725;0.028624;1.5;2020-02-03 10:00:07.886000
80;0.0550368;1.755;0.03136;2.5;2020-02-03 10:00:09.907000
80;0.05060784;1.77;0.028592;3.5;2020-02-03 10:00:10.925000
80;0.0570636;1.815;0.03144;3.5;2020-02-03 10:00:13.948000
80;0.05603376;1.605;0.034912;1.5;2020-02-03 10:00:14.967000
80;0.05350776;1.695;0.031568;1.5;2020-02-03 10:00:17.990000
80;0.05222832;1.59;0.032848;2.5;2020-02-03 10:00:19.014000
80;0.0563748;1.635;0.03448;1.5;2020-02-03 10:00:20.032000
80;0.05170744;1.765;0.029296;1.5;2020-02-03 10:00:23.055000
80;0.06031872;1.68;0.035904;1.5;2020-02-03 10:00:24.073000
80;0.05762976;1.735;0.033216;3.5;2020-02-03 10:00:27.097000
80;0.0598128;1.7;0.035184;3.5;2020-02-03 10:00:28.121000
80;0.05201072;1.73;0.030064;2.5;2020-02-03 10:00:29.155000
80;0.0543152;1.66;0.03272;1.5;2020-02-03 10:00:30.173000
80;0.053014;1.625;0.032624;1.5;2020-02-03 10:00:33.196000
80;0.0531648;1.775;0.029952;1.5;2020-02-03 10:00:36.219000
80;0.05703264;1.89;0.030176;1.5;2020-02-03 10:00:37.244000
80;0.05187168;1.66;0.031248;1.5;2020-02-03 10:00:38.278000
80;0.05248152;1.755;0.029904;1.5;2020-02-03 10:00:39.296000
80;0.05511792;1.815;0.030368;1.5;2020-02-03 10:00:42.319000
80;0.05158112;1.795;0.028736;3.5;2020-02-03 10:00:43.337000
80;0.05100784;1.79;0.028496;1.5;2020-02-03 10:00:45.364000
80;0.04947472;1.865;0.026528;3.5;2020-02-03 10:00:46.398000
80;0.0569496;1.945;0.02928;3.5;2020-02-03 10:00:47.416000
80;0.0555336;2.025;0.027424;3.5;2020-02-03 10:00:50.439000
81;0.05498512;2.005;0.027424;1.5;2020-02-03 10:00:51.457000
81;0.05727296;2.18;0.026272;1.5;2020-02-03 10:00:54.481000
80;0.06278352;2.085;0.030112;2.5;2020-02-03 10:00:55.505000
80;0.05977536;1.91;0.031296;3.5;2020-02-03 10:00:56.523000
80;0.05824728;1.905;0.030576;3.5;2020-02-03 10:00:57.542000
80;0.06579288;2.055;0.032016;2.5;2020-02-03 10:01:00.565000
80;0.05679872;1.76;0.032272;2.5;2020-02-03 10:01:01.583000
81;0.05774192;1.67;0.034576;1.5;2020-02-03 10:01:04.613000
81;0.055664;1.775;0.03136;3.5;2020-02-03 10:01:05.647000
81;0.04715256;1.785;0.026416;2.5;2020-02-03 10:01:06.665000
81;0.060904;1.655;0.0368;1.5;2020-02-03 10:01:09.689000
81;0.0625812;1.815;0.03448;3.5;2020-02-03 10:01:10.706000
81;0.06075168;1.815;0.033472;2.5;2020-02-03 10:01:13.729000
81;0.07691904;1.98;0.038848;2.5;2020-02-03 10:01:14.754000
82;0.06894336;1.88;0.036672;1.5;2020-02-03 10:01:15.773000
82;0.06618872;2.015;0.032848;1.5;2020-02-03 10:01:18.796000
82;0.06643632;1.83;0.036304;2.5;2020-02-03 10:01:19.815000
82;0.06237504;1.785;0.034944;2.5;2020-02-03 10:01:20.833000
82;0.06196736;1.96;0.031616;1.5;2020-02-03 10:01:23.862000
82;0.0571644;1.675;0.034128;3.5;2020-02-03 10:01:24.896000
82;0.05674968;1.755;0.032336;3.5;2020-02-03 10:01:27.919000
82;0.06688592;1.895;0.035296;1.5;2020-02-03 10:01:28.938000
82;0.0618096;1.975;0.031296;2.5;2020-02-03 10:01:31.961000
82;0.05945328;1.845;0.032224;2.5;2020-02-03 10:01:32.986000
82;0.05837488;1.985;0.029408;2.5;2020-02-03 10:01:34.019000
82;0.055932;1.975;0.02832;3.5;2020-02-03 10:01:35.038000
82;0.05841552;1.965;0.029728;3.5;2020-02-03 10:01:38.061000
82;0.0533484;1.825;0.029232;2.5;2020-02-03 10:01:39.079000
81;0.05919264;1.86;0.031824;3.5;2020-02-03 10:01:42.109000
81;0.06663272;1.865;0.035728;3.5;2020-02-03 10:01:43.143000
81;0.06284256;1.815;0.034624;2.5;2020-02-03 10:01:44.161000
81;0.06433128;1.885;0.034128;2.5;2020-02-03 10:01:47.184000
81;0.0660152;1.79;0.03688;3.5;2020-02-03 10:01:48.203000
81;0.0684912;1.9;0.036048;3.5;2020-02-03 10:01:51.232000
81;0.07409272;1.865;0.039728;1.5;2020-02-03 10:01:52.266000
81;0.06567;1.875;0.035024;3.5;2020-02-03 10:01:53.285000
81;0.05839704;1.835;0.031824;3.5;2020-02-03 10:01:56.308000
81;0.06863352;1.965;0.034928;2.5;2020-02-03 10:01:57.326000
82;0.0684684;1.925;0.035568;1.5;2020-02-03 10:02:00.350000
82;0.07222208;1.96;0.036848;3.5;2020-02-03 10:02:01.374000
82;0.06613496;2.095;0.031568;3.5;2020-02-03 10:02:02.393000
82;0.07276216;1.985;0.036656;2.5;2020-02-03 10:02:05.416000
82;0.07975856;2.065;0.038624;1.5;2020-02-03 10:02:06.434000
82;0.06464192;1.88;0.034384;3.5;2020-02-03 10:02:09.457000
82;0.06560424;1.935;0.033904;1.5;2020-02-03 10:02:10.482000
82;0.06893568;1.87;0.036864;1.5;2020-02-03 10:02:11.516000
82;0.06493984;1.855;0.035008;2.5;2020-02-03 10:02:12.534000
82;0.05986704;1.91;0.031344;1.5;2020-02-03 10:02:15.558000
81;0.0631116;1.865;0.03384;1.5;2020-02-03 10:02:16.576000
82;0.05812128;1.86;0.031248;2.5;2020-02-03 10:02:18.603000
82;0.0574464;1.87;0.03072;1.5;2020-02-03 10:02:19.637000
82;0.0589152;1.9;0.031008;3.5;2020-02-03 10:02:20.655000
81;0.05824296;1.845;0.031568;2.5;2020-02-03 10:02:21.673000
82;0.05710128;1.765;0.032352;1.5;2020-02-03 10:02:22.692000
82;0.0513728;1.745;0.02944;2.5;2020-02-03 10:02:23.710000
82;0.05478624;1.865;0.029376;1.5;2020-02-03 10:02:24.734000
82;0.06080704;1.715;0.035456;1.5;2020-02-03 10:02:25.753000
82;0.05689968;1.615;0.035232;1.5;2020-02-03 10:02:26.771000
82;0.05096032;1.63;0.031264;1.5;2020-02-03 10:02:29.794000
82;0.05495616;1.74;0.031584;1.5;2020-02-03 10:02:30.812000
82;0.0583052;1.775;0.032848;2.5;2020-02-03 10:02:33.835000
82;0.06486448;1.805;0.035936;1.5;2020-02-03 10:02:34.860000
82;0.0624704;1.72;0.03632;2.5;2020-02-03 10:02:35.878000
82;0.0746856;1.845;0.04048;2.5;2020-02-03 10:02:38.901000
81;0.07644;1.82;0.042;1.5;2020-02-03 10:02:39.920000
80;0.07951712;1.91;0.041632;2.5;2020-02-03 10:02:42.943000
80;0.0660816;1.95;0.033888;2.5;2020-02-03 10:02:43.967000
80;0.05845392;1.89;0.030928;3.5;2020-02-03 10:02:45.001000
80;0.04882656;1.81;0.026976;2.5;2020-02-03 10:02:48.024000
80;0.05999464;1.985;0.030224;3.5;2020-02-03 10:02:49.043000
81;0.0601832;1.925;0.031264;1.5;2020-02-03 10:02:52.066000
80;0.0506368;1.84;0.02752;3.5;2020-02-03 10:02:53.090000
81;0.05667552;1.98;0.028624;1.5;2020-02-03 10:02:54.124000
81;0.05137664;1.88;0.027328;2.5;2020-02-03 10:02:57.147000
81;0.05570816;1.88;0.029632;2.5;2020-02-03 10:02:58.166000
81;0.04278552;1.685;0.025392;2.5;2020-02-03 10:03:01.189000
81;0.04785872;1.73;0.027664;2.5;2020-02-03 10:03:02.213000
81;0.0550344;1.725;0.031904;2.5;2020-02-03 10:03:03.247000
81;0.05076;1.875;0.027072;3.5;2020-02-03 10:03:04.265000
81;0.0543752;1.85;0.029392;3.5;2020-02-03 10:03:07.288000
82;0.05165088;1.73;0.029856;3.5;2020-02-03 10:03:10.311000
82;0.03871728;1.67;0.023184;3.5;2020-02-03 10:03:11.336000
82;0.0400664;1.57;0.02552;1.5;2020-02-03 10:03:12.370000
82;0.0473352;1.815;0.02608;3.5;2020-02-03 10:03:15.393000
82;0.04978368;1.935;0.025728;2.5;2020-02-03 10:03:16.411000
82;0.049518;1.965;0.0252;1.5;2020-02-03 10:03:17.429000
82;0.05568944;2.045;0.027232;1.5;2020-02-03 10:03:18.447000
82;0.054136;2.02;0.0268;3.5;2020-02-03 10:03:19.456000
82;0.053592;2.03;0.0264;3.5;2020-02-03 10:03:20.490000
82;0.05412;1.875;0.028864;3.5;2020-02-03 10:03:21.508000
82;0.04539888;1.695;0.026784;3.5;2020-02-03 10:03:22.526000
82;0.04713456;1.695;0.027808;2.5;2020-02-03 10:03:25.549000
82;0.058072;1.7;0.03416;3.5;2020-02-03 10:03:26.574000
82;0.0584136;1.83;0.03192;1.5;2020-02-03 10:03:27.608000
82;0.06436488;1.865;0.034512;3.5;2020-02-03 10:03:30.631000
82;0.06034336;1.705;0.035392;2.5;2020-02-03 10:03:31.649000
82;0.0570272;1.775;0.032128;1.5;2020-02-03 10:03:34.672000
82;0.0591552;1.95;0.030336;2.5;2020-02-03 10:03:37.696000
82;0.05233008;1.815;0.028832;3.5;2020-02-03 10:03:38.720000
82;0.0603288;1.89;0.03192;1.5;2020-02-03 10:03:39.739000
82;0.06029472;1.81;0.033312;2.5;2020-02-03 10:03:40.757000
82;0.06472448;1.93;0.033536;3.5;2020-02-03 10:03:43.779000
82;0.06133696;2.005;0.030592;2.5;2020-02-03 10:03:46.803000
82;0.05901616;2.03;0.029072;2.5;2020-02-03 10:03:47.827000
82;0.06111152;1.93;0.031664;2.5;2020-02-03 10:03:48.861000
82;0.06074096;1.93;0.031472;3.5;2020-02-03 10:03:49.879000
82;0.05885952;1.92;0.030656;1.5;2020-02-03 10:03:52.902000
82;0.05447192;1.745;0.031216;2.5;2020-02-03 10:03:55.925000
82;0.05613632;1.835;0.030592;1.5;2020-02-03 10:03:56.949000
82;0.05754312;1.745;0.032976;1.5;2020-02-03 10:03:57.983000
82;0.05261168;1.67;0.031504;2.5;2020-02-03 10:03:59.002000
83;0.05157432;1.895;0.027216;2.5;2020-02-03 10:04:02.025000
82;0.05071488;1.88;0.026976;2.5;2020-02-03 10:04:03.043000
82;0.0426816;1.9;0.022464;1.5;2020-02-03 10:04:06.072000
82;0.0538472;2.11;0.02552;3.5;2020-02-03 10:04:07.106000
82;0.05099936;1.97;0.025888;1.5;2020-02-03 10:04:08.124000
82;0.04756;2.05;0.0232;1.5;2020-02-03 10:04:11.147000
83;0.04761648;1.935;0.024608;1.5;2020-02-03 10:04:12.165000
83;0.05444416;1.94;0.028064;1.5;2020-02-03 10:04:15.195000
83;0.05739168;1.91;0.030048;3.5;2020-02-03 10:04:16.229000
83;0.05465312;1.78;0.030704;1.5;2020-02-03 10:04:17.247000
83;0.05681968;1.895;0.029984;1.5;2020-02-03 10:04:20.270000
83;0.06575296;1.82;0.036128;2.5;2020-02-03 10:04:21.288000
83;0.0520332;1.965;0.02648;3.5;2020-02-03 10:04:24.318000
83;0.05025376;1.94;0.025904;1.5;2020-02-03 10:04:25.352000
83;0.0442532;1.745;0.02536;3.5;2020-02-03 10:04:26.370000
83;0.0638176;1.925;0.033152;2.5;2020-02-03 10:04:29.393000
83;0.0540792;1.665;0.03248;3.5;2020-02-03 10:04:30.411000
83;0.0588164;1.775;0.033136;3.5;2020-02-03 10:04:33.441000
83;0.06066984;1.715;0.035376;2.5;2020-02-03 10:04:34.475000
83;0.057744;1.8;0.03208;3.5;2020-02-03 10:04:35.493000
83;0.0669;1.875;0.03568;1.5;2020-02-03 10:04:38.516000
82;0.072696;1.95;0.03728;2.5;2020-02-03 10:04:39.534000
82;0.06961328;2.035;0.034208;2.5;2020-02-03 10:04:42.557000
82;0.05658904;1.685;0.033584;2.5;2020-02-03 10:04:43.582000
82;0.05518432;1.655;0.033344;1.5;2020-02-03 10:04:44.600000
82;0.05257616;1.61;0.032656;3.5;2020-02-03 10:04:47.623000
82;0.05854824;1.745;0.033552;1.5;2020-02-03 10:04:48.641000
82;0.05876112;1.795;0.032736;3.5;2020-02-03 10:04:51.665000
82;0.0527644;1.825;0.028912;1.5;2020-02-03 10:04:52.689000
82;0.05033784;1.995;0.025232;3.5;2020-02-03 10:04:53.723000
82;0.05361512;2.015;0.026608;2.5;2020-02-03 10:04:56.746000
82;0.05795568;1.67;0.034704;1.5;2020-02-03 10:04:57.764000
82;0.06446144;1.88;0.034288;3.5;2020-02-03 10:05:00.787000
82;0.06979568;1.79;0.038992;3.5;2020-02-03 10:05:01.812000
82;0.06513584;1.87;0.034832;3.5;2020-02-03 10:05:02.846000
82;0.05852672;1.84;0.031808;2.5;2020-02-03 10:05:05.869000
83;0.0656208;1.86;0.03528;2.5;2020-02-03 10:05:06.887000
82;0.06683968;1.81;0.036928;2.5;2020-02-03 10:05:09.910000
83;0.07544736;1.955;0.038592;3.5;2020-02-03 10:05:10.935000
83;0.0664;2.075;0.032;1.5;2020-02-03 10:05:11.969000
83;0.0674016;2.04;0.03304;2.5;2020-02-03 10:05:14.992000
83;0.06808768;1.91;0.035648;3.5;2020-02-03 10:05:16.010000
83;0.0594624;1.63;0.03648;2.5;2020-02-03 10:05:19.033000
83;0.06428256;1.74;0.036944;2.5;2020-02-03 10:05:20.057000
83;0.05871304;1.805;0.032528;3.5;2020-02-03 10:05:21.091000
83;0.0595476;1.785;0.03336;2.5;2020-02-03 10:05:24.114000
83;0.06066464;2.02;0.030032;2.5;2020-02-03 10:05:25.132000
83;0.05767152;2.055;0.028064;3.5;2020-02-03 10:05:28.155000
82;0.06520104;2.055;0.031728;2.5;2020-02-03 10:05:29.180000
82;0.0606144;1.925;0.031488;1.5;2020-02-03 10:05:30.214000
82;0.06368128;1.78;0.035776;3.5;2020-02-03 10:05:31.232000
82;0.05993664;1.59;0.037696;1.5;2020-02-03 10:05:34.255000
83;0.06060768;1.74;0.034832;2.5;2020-02-03 10:05:37.278000
83;0.06169056;1.795;0.034368;3.5;2020-02-03 10:05:38.303000
83;0.0621984;1.86;0.03344;1.5;2020-02-03 10:05:39.336000
83;0.06090176;1.72;0.035408;1.5;2020-02-03 10:05:42.359000
82;0.06154848;1.935;0.031808;1.5;2020-02-03 10:05:43.378000
83;0.0506736;1.7;0.029808;2.5;2020-02-03 10:05:46.400000
83;0.056368;1.625;0.034688;3.5;2020-02-03 10:05:47.425000
83;0.0563312;1.7;0.033136;1.5;2020-02-03 10:05:48.459000
83;0.049816;1.625;0.030656;3.5;2020-02-03 10:05:51.482000
83;0.04590432;1.62;0.028336;3.5;2020-02-03 10:05:52.500000
83;0.0472944;1.67;0.02832;3.5;2020-02-03 10:05:53.518000
83;0.05049312;1.765;0.028608;2.5;2020-02-03 10:05:54.536000
83;0.055972;1.75;0.031984;1.5;2020-02-03 10:05:55.545000
83;0.06033408;1.92;0.031424;2.5;2020-02-03 10:05:56.579000
83;0.056356;1.93;0.0292;2.5;2020-02-03 10:05:57.597000
84;0.06867888;1.99;0.034512;3.5;2020-02-03 10:06:00.620000
83;0.05984376;1.945;0.030768;3.5;2020-02-03 10:06:01.638000
83;0.05547696;1.995;0.027808;2.5;2020-02-03 10:06:02.663000
83;0.0529948;1.835;0.02888;2.5;2020-02-03 10:06:03.697000
83;0.0585312;1.95;0.030016;3.5;2020-02-03 10:06:06.720000
83;0.04646736;1.83;0.025392;2.5;2020-02-03 10:06:09.743000
83;0.0518;1.85;0.028;3.5;2020-02-03 10:06:10.761000
83;0.0440748;1.855;0.02376;3.5;2020-02-03 10:06:13.784000
83;0.05721336;1.735;0.032976;1.5;2020-02-03 10:06:14.809000
83;0.056952;1.75;0.032544;3.5;2020-02-03 10:06:15.827000
83;0.050912;1.72;0.0296;1.5;2020-02-03 10:06:18.850000
82;0.04395776;1.54;0.028544;2.5;2020-02-03 10:06:19.868000
82;0.04683312;1.665;0.028128;1.5;2020-02-03 10:06:22.891000
82;0.05375816;1.835;0.029296;3.5;2020-02-03 10:06:23.916000
83;0.0504288;1.8;0.028016;3.5;2020-02-03 10:06:24.950000
83;0.0390528;1.695;0.02304;2.5;2020-02-03 10:06:27.973000
83;0.04541328;1.83;0.024816;3.5;2020-02-03 10:06:28.991000
83;0.0478368;1.98;0.02416;3.5;2020-02-03 10:06:32.014000
83;0.04616192;1.84;0.025088;1.5;2020-02-03 10:06:33.038000
83;0.05499576;1.845;0.029808;1.5;2020-02-03 10:06:34.072000
82;0.05885568;1.965;0.029952;3.5;2020-02-03 10:06:37.095000
82;0.06817936;1.91;0.035696;1.5;2020-02-03 10:06:38.113000
82;0.05976;1.8;0.0332;3.5;2020-02-03 10:06:41.136000
82;0.0526416;1.65;0.031904;3.5;2020-02-03 10:06:42.161000
82;0.05651424;1.86;0.030384;1.5;2020-02-03 10:06:43.195000
82;0.06612672;1.86;0.035552;2.5;2020-02-03 10:06:46.218000
82;0.05671008;1.74;0.032592;2.5;2020-02-03 10:06:47.236000
81;0.05962712;1.855;0.032144;2.5;2020-02-03 10:06:50.259000
81;0.05889312;1.98;0.029744;1.5;2020-02-03 10:06:51.284000
81;0.0665852;2.035;0.03272;1.5;2020-02-03 10:06:52.318000
81;0.06912;1.92;0.036;1.5;2020-02-03 10:06:55.341000
81;0.06341824;1.97;0.032192;3.5;2020-02-03 10:06:56.360000
81;0.06899552;1.87;0.036896;2.5;2020-02-03 10:06:59.383000
81;0.06082128;1.805;0.033696;2.5;2020-02-03 10:07:00.407000
80;0.0617808;1.83;0.03376;3.5;2020-02-03 10:07:01.441000
80;0.06632736;1.815;0.036544;2.5;2020-02-03 10:07:04.464000
80;0.06130368;1.835;0.033408;2.5;2020-02-03 10:07:05.482000
80;0.061684;1.75;0.035248;2.5;2020-02-03 10:07:08.505000
79;0.0621304;1.85;0.033584;2.5;2020-02-03 10:07:11.528000
79;0.06015;2.005;0.03;1.5;2020-02-03 10:07:12.537000
79;0.06570288;2.01;0.032688;2.5;2020-02-03 10:07:13.571000
78;0.05645808;1.89;0.029872;3.5;2020-02-03 10:07:14.589000
78;0.06128304;1.83;0.033488;1.5;2020-02-03 10:07:17.612000
78;0.06399264;1.91;0.033504;2.5;2020-02-03 10:07:20.635000
78;0.05837;1.625;0.03592;3.5;2020-02-03 10:07:21.653000
79;0.0602316;1.755;0.03432;2.5;2020-02-03 10:07:23.696000
78;0.05858608;1.81;0.032368;2.5;2020-02-03 10:07:26.719000
78;0.05359432;1.885;0.028432;3.5;2020-02-03 10:07:27.737000
78;0.0533232;1.725;0.030912;3.5;2020-02-03 10:07:30.760000
78;0.05014632;1.995;0.025136;1.5;2020-02-03 10:07:33.784000
78;0.04611672;1.895;0.024336;2.5;2020-02-03 10:07:34.808000
78;0.05441472;1.88;0.028944;3.5;2020-02-03 10:07:35.826000
78;0.05109912;1.845;0.027696;1.5;2020-02-03 10:07:36.845000
78;0.04849024;1.72;0.028192;3.5;2020-02-03 10:07:39.868000
78;0.0537264;1.82;0.02952;1.5;2020-02-03 10:07:42.891000
78;0.061254;1.845;0.0332;1.5;2020-02-03 10:07:43.916000
78;0.0633528;1.89;0.03352;2.5;2020-02-03 10:07:44.949000
78;0.05797376;1.69;0.034304;1.5;2020-02-03 10:07:45.968000
78;0.05768784;1.77;0.032592;2.5;2020-02-03 10:07:48.991000
78;0.04820448;1.685;0.028608;3.5;2020-02-03 10:07:52.013000
78;0.05361064;1.565;0.034256;3.5;2020-02-03 10:07:53.038000
78;0.05127328;1.63;0.031456;1.5;2020-02-03 10:07:54.072000
78;0.0556724;1.685;0.03304;2.5;2020-02-03 10:07:57.094000
78;0.05464792;1.685;0.032432;3.5;2020-02-03 10:07:58.112000
78;0.05254568;1.595;0.032944;1.5;2020-02-03 10:08:01.135000
78;0.05501744;1.79;0.030736;3.5;2020-02-03 10:08:02.160000
78;0.05630808;1.865;0.030192;3.5;2020-02-03 10:08:03.194000
78;0.05490944;1.78;0.030848;3.5;2020-02-03 10:08:06.217000
78;0.05543136;1.71;0.032416;2.5;2020-02-03 10:08:07.235000
78;0.06396264;1.715;0.037296;1.5;2020-02-03 10:08:10.258000
78;0.060368;1.715;0.0352;1.5;2020-02-03 10:08:11.283000
78;0.058652;1.705;0.0344;1.5;2020-02-03 10:08:12.316000
78;0.06024704;1.64;0.036736;3.5;2020-02-03 10:08:15.340000
78;0.0618624;1.8;0.034368;1.5;2020-02-03 10:08:16.358000
78;0.0539896;1.555;0.03472;1.5;2020-02-03 10:08:19.381000
78;0.0597168;1.74;0.03432;1.5;2020-02-03 10:08:20.406000
78;0.05708144;1.69;0.033776;1.5;2020-02-03 10:08:21.440000
78;0.05169888;1.74;0.029712;1.5;2020-02-03 10:08:24.463000
77;0.05207456;1.765;0.029504;3.5;2020-02-03 10:08:25.481000
77;0.0516816;1.94;0.02664;1.5;2020-02-03 10:08:28.504000
77;0.04703232;1.92;0.024496;3.5;2020-02-03 10:08:29.529000
77;0.05039552;1.96;0.025712;1.5;2020-02-03 10:08:30.563000
77;0.05682688;1.76;0.032288;3.5;2020-02-03 10:08:33.586000
77;0.05431448;1.705;0.031856;2.5;2020-02-03 10:08:34.604000
77;0.0544608;1.8;0.030256;1.5;2020-02-03 10:08:37.627000
77;0.066048;2.0;0.033024;1.5;2020-02-03 10:08:40.650000
77;0.06237504;1.785;0.034944;1.5;2020-02-03 10:08:41.659000
77;0.0542592;1.8;0.030144;1.5;2020-02-03 10:08:42.693000
77;0.06178304;1.76;0.035104;1.5;2020-02-03 10:08:43.711000
77;0.05975272;1.805;0.033104;2.5;2020-02-03 10:08:46.734000
77;0.0585728;1.76;0.03328;3.5;2020-02-03 10:08:49.757000
78;0.04838592;1.595;0.030336;3.5;2020-02-03 10:08:50.782000
78;0.0527496;1.55;0.034032;3.5;2020-02-03 10:08:51.815000
78;0.04716528;1.455;0.032416;2.5;2020-02-03 10:08:52.834000
78;0.05847264;1.58;0.037008;3.5;2020-02-03 10:08:55.857000
78;0.06397952;1.76;0.036352;1.5;2020-02-03 10:08:58.880000
77;0.0711824;1.7;0.041872;3.5;2020-02-03 10:08:59.905000
77;0.0685292;1.775;0.038608;3.5;2020-02-03 10:09:00.938000
77;0.06188832;1.755;0.035264;3.5;2020-02-03 10:09:01.956000
77;0.0616896;1.7;0.036288;2.5;2020-02-03 10:09:04.980000
77;0.052398;1.775;0.02952;1.5;2020-02-03 10:09:08.003000
77;0.0577128;1.73;0.03336;1.5;2020-02-03 10:09:09.027000
77;0.06008224;1.795;0.033472;3.5;2020-02-03 10:09:10.061000
77;0.06026832;1.89;0.031888;2.5;2020-02-03 10:09:11.080000
77;0.06509368;1.955;0.033296;2.5;2020-02-03 10:09:12.098000
76;0.05276448;1.86;0.028368;3.5;2020-02-03 10:09:13.117000
76;0.05757544;1.885;0.030544;1.5;2020-02-03 10:09:14.136000
76;0.059864;1.75;0.034208;1.5;2020-02-03 10:09:15.160000
76;0.0638236;1.895;0.03368;1.5;2020-02-03 10:09:16.178000
76;0.05949696;1.83;0.032512;3.5;2020-02-03 10:09:19.201000
76;0.0529056;1.8;0.029392;2.5;2020-02-03 10:09:20.219000
76;0.0563832;1.845;0.03056;1.5;2020-02-03 10:09:23.242000
76;0.04906104;1.855;0.026448;1.5;2020-02-03 10:09:24.267000
76;0.0487968;1.955;0.02496;1.5;2020-02-03 10:09:25.301000
76;0.05132568;2.055;0.024976;1.5;2020-02-03 10:09:28.324000
76;0.06093344;1.955;0.031168;3.5;2020-02-03 10:09:29.342000
76;0.0600936;1.825;0.032928;1.5;2020-02-03 10:09:32.365000
76;0.0645088;1.9;0.033952;1.5;2020-02-03 10:09:35.388000
76;0.0627264;1.815;0.03456;2.5;2020-02-03 10:09:36.412000
76;0.06691696;1.97;0.033968;3.5;2020-02-03 10:09:37.430000
76;0.07068;1.9;0.0372;2.5;2020-02-03 10:09:40.453000
76;0.06244872;1.835;0.034032;2.5;2020-02-03 10:09:41.471000
76;0.051896;1.625;0.031936;2.5;2020-02-03 10:09:44.494000
76;0.05551984;1.765;0.031456;1.5;2020-02-03 10:09:45.519000
76;0.0483016;1.745;0.02768;3.5;2020-02-03 10:09:46.552000
76;0.04354456;1.565;0.027824;1.5;2020-02-03 10:09:47.571000
76;0.046976;1.835;0.0256;3.5;2020-02-03 10:09:50.594000
76;0.0438608;1.58;0.02776;2.5;2020-02-03 10:09:53.617000
76;0.03998376;1.605;0.024912;2.5;2020-02-03 10:09:54.641000
76;0.0477128;1.825;0.026144;3.5;2020-02-03 10:09:55.675000
76;0.04061248;1.78;0.022816;1.5;2020-02-03 10:09:58.699000
75;0.04681408;1.895;0.024704;3.5;2020-02-03 10:09:59.717000
75;0.04020432;1.895;0.021216;1.5;2020-02-03 10:10:02.740000
74;0.03908736;1.74;0.022464;3.5;2020-02-03 10:10:03.764000
74;0.0463032;1.77;0.02616;1.5;2020-02-03 10:10:04.798000
74;0.038304;1.5;0.025536;3.5;2020-02-03 10:10:07.821000
73;0.04486016;1.735;0.025856;3.5;2020-02-03 10:10:08.839000
73;0.0420912;1.665;0.02528;3.5;2020-02-03 10:10:11.862000
73;0.04537456;1.595;0.028448;3.5;2020-02-03 10:10:12.887000
72;0.05124072;1.615;0.031728;2.5;2020-02-03 10:10:13.920000
72;0.04928944;1.79;0.027536;2.5;2020-02-03 10:10:16.943000
72;0.04953312;1.755;0.028224;3.5;2020-02-03 10:10:17.961000
71;0.0573272;1.765;0.03248;2.5;2020-02-03 10:10:20.985000
71;0.05091672;1.765;0.028848;1.5;2020-02-03 10:10:22.009000
71;0.06108984;1.785;0.034224;1.5;2020-02-03 10:10:23.043000
71;0.06311376;1.845;0.034208;3.5;2020-02-03 10:10:26.066000
71;0.05559216;1.77;0.031408;2.5;2020-02-03 10:10:27.084000
71;0.05806968;1.965;0.029552;1.5;2020-02-03 10:10:30.107000
71;0.06187352;2.045;0.030256;1.5;2020-02-03 10:10:31.132000
71;0.0616704;1.825;0.033792;2.5;2020-02-03 10:10:32.166000
71;0.06045808;1.895;0.031904;2.5;2020-02-03 10:10:35.192000
71;0.0474496;1.685;0.02816;2.5;2020-02-03 10:10:36.213000
71;0.04580064;1.71;0.026784;1.5;2020-02-03 10:10:37.235000
71;0.04998496;1.81;0.027616;3.5;2020-02-03 10:10:38.262000
71;0.0552024;1.87;0.02952;2.5;2020-02-03 10:10:39.299000
71;0.04549056;1.72;0.026448;2.5;2020-02-03 10:10:40.320000
71;0.0473632;1.64;0.02888;1.5;2020-02-03 10:10:41.341000
71;0.0489888;1.62;0.03024;1.5;2020-02-03 10:10:42.361000
71;0.045612;1.575;0.02896;1.5;2020-02-03 10:10:43.390000
70;0.0504756;1.575;0.032048;1.5;2020-02-03 10:10:44.426000
70;0.04788784;1.69;0.028336;1.5;2020-02-03 10:10:45.448000
70;0.04755456;1.72;0.027648;3.5;2020-02-03 10:10:46.469000
70;0.0533568;1.68;0.03176;3.5;2020-02-03 10:10:47.490000
70;0.04801328;1.63;0.029456;3.5;2020-02-03 10:10:48.518000
70;0.05609472;1.66;0.033792;1.5;2020-02-03 10:10:49.555000
70;0.06490944;1.77;0.036672;1.5;2020-02-03 10:10:50.576000
70;0.06076128;1.67;0.036384;3.5;2020-02-03 10:10:51.597000
70;0.0590596;1.805;0.03272;3.5;2020-02-03 10:10:52.618000
70;0.05316384;1.58;0.033648;2.5;2020-02-03 10:10:53.646000
70;0.0493416;1.575;0.031328;2.5;2020-02-03 10:10:54.684000
69;0.055404;1.71;0.0324;1.5;2020-02-03 10:10:55.705000
69;0.06212088;1.805;0.034416;1.5;2020-02-03 10:10:56.729000
69;0.05782968;1.845;0.031344;3.5;2020-02-03 10:10:57.750000
69;0.05350848;1.86;0.028768;1.5;2020-02-03 10:10:58.771000
68;0.04980144;1.735;0.028704;1.5;2020-02-03 10:10:59.798000
68;0.04754904;1.705;0.027888;2.5;2020-02-03 10:11:00.835000
68;0.05057824;1.79;0.028256;1.5;2020-02-03 10:11:01.856000
68;0.05035456;1.64;0.030704;2.5;2020-02-03 10:11:02.878000
68;0.04998;1.75;0.02856;3.5;2020-02-03 10:11:03.898000
68;0.0484068;1.605;0.03016;1.5;2020-02-03 10:11:04.926000
68;0.04456032;1.745;0.025536;1.5;2020-02-03 10:11:05.964000
68;0.04769216;1.72;0.027728;3.5;2020-02-03 10:11:06.985000
68;0.04959888;1.91;0.025968;1.5;2020-02-03 10:11:08.006000
68;0.04684776;1.905;0.024592;2.5;2020-02-03 10:11:09.026000
68;0.04890016;1.78;0.027472;2.5;2020-02-03 10:11:10.054000
68;0.047328;1.7;0.02784;1.5;2020-02-03 10:11:11.092000
68;0.05108608;1.865;0.027392;2.5;2020-02-03 10:11:12.113000
67;0.0499556;1.775;0.028144;2.5;2020-02-03 10:11:13.134000
66;0.0452376;1.83;0.02472;1.5;2020-02-03 10:11:14.157000
66;0.04837056;1.83;0.026432;2.5;2020-02-03 10:11:15.183000
66;0.0508416;1.92;0.02648;2.5;2020-02-03 10:11:16.220000
66;0.04894272;1.74;0.028128;1.5;2020-02-03 10:11:17.241000
66;0.0508956;1.825;0.027888;2.5;2020-02-03 10:11:18.263000
66;0.04878048;1.785;0.027328;3.5;2020-02-03 10:11:19.282000
66;0.04624224;1.74;0.026576;1.5;2020-02-03 10:11:20.309000
65;0.04880432;1.91;0.025552;1.5;2020-02-03 10:11:21.336000
65;0.05146416;1.71;0.030096;3.5;2020-02-03 10:11:22.373000
65;0.04699392;1.74;0.027008;2.5;2020-02-03 10:11:23.394000
64;0.04781792;1.78;0.026864;2.5;2020-02-03 10:11:24.416000
64;0.05404024;1.865;0.028976;2.5;2020-02-03 10:11:25.436000
64;0.04793096;1.705;0.028112;1.5;2020-02-03 10:11:26.463000
64;0.04848488;1.655;0.029296;1.5;2020-02-03 10:11:27.500000
64;0.06274352;1.855;0.033824;1.5;2020-02-03 10:11:28.522000
64;0.0551456;1.9;0.029024;3.5;2020-02-03 10:11:29.543000
64;0.05174256;1.865;0.027744;1.5;2020-02-03 10:11:30.565000
64;0.0555712;1.9;0.029248;3.5;2020-02-03 10:11:31.592000
64;0.05140912;1.97;0.026096;2.5;2020-02-03 10:11:32.629000
64;0.05446224;1.89;0.028816;2.5;2020-02-03 10:11:33.650000
65;0.05592624;2.01;0.027824;2.5;2020-02-03 10:11:34.672000
65;0.05964992;2.035;0.029312;1.5;2020-02-03 10:11:35.694000
65;0.05258376;1.835;0.028656;3.5;2020-02-03 10:11:36.720000
65;0.05656144;1.915;0.029536;2.5;2020-02-03 10:11:37.757000
64;0.0530856;1.825;0.029088;3.5;2020-02-03 10:11:38.778000
65;0.05941312;1.93;0.030784;3.5;2020-02-03 10:11:39.799000
65;0.05522176;1.76;0.031376;2.5;2020-02-03 10:11:40.820000
64;0.05539072;1.76;0.031472;3.5;2020-02-03 10:11:41.848000
64;0.0533064;1.67;0.03192;2.5;2020-02-03 10:11:42.884000
64;0.0491832;1.65;0.029808;3.5;2020-02-03 10:11:43.905000
64;0.06412;1.75;0.03664;3.5;2020-02-03 10:11:44.927000
64;0.05658336;1.665;0.033984;3.5;2020-02-03 10:11:45.948000
64;0.05503032;1.745;0.031536;1.5;2020-02-03 10:11:46.975000
65;0.0536052;1.705;0.03144;1.5;2020-02-03 10:11:48.012000
65;0.0521904;1.66;0.03144;2.5;2020-02-03 10:11:49.034000
66;0.0516352;1.6;0.032272;3.5;2020-02-03 10:11:50.054000
66;0.04986176;1.69;0.029504;3.5;2020-02-03 10:11:51.076000
66;0.05095072;1.78;0.028624;1.5;2020-02-03 10:11:52.104000
66;0.04848384;1.77;0.027392;1.5;2020-02-03 10:11:53.139000
66;0.04762464;1.865;0.025536;2.5;2020-02-03 10:11:54.161000
66;0.04942336;1.96;0.025216;1.5;2020-02-03 10:11:55.182000
66;0.04731648;2.02;0.023424;1.5;2020-02-03 10:11:58.228000
67;0.0385968;1.87;0.02064;1.5;2020-02-03 10:11:59.240000
66;0.046208;1.9;0.02432;1.5;2020-02-03 10:12:00.261000
66;0.03756624;1.83;0.020528;1.5;2020-02-03 10:12:02.303000
66;0.05197728;1.74;0.029872;1.5;2020-02-03 10:12:03.310000
66;0.04658136;1.785;0.026096;3.5;2020-02-03 10:12:05.335000
66;0.05957136;1.845;0.032288;1.5;2020-02-03 10:12:06.356000
65;0.06179864;1.865;0.033136;2.5;2020-02-03 10:12:07.378000
65;0.06701152;1.97;0.034016;2.5;2020-02-03 10:12:08.405000
64;0.06183008;1.78;0.034736;1.5;2020-02-03 10:12:09.412000
64;0.06307776;1.88;0.033552;3.5;2020-02-03 10:12:11.438000
64;0.0585144;1.935;0.03024;1.5;2020-02-03 10:12:12.458000
63;0.06265248;1.87;0.033504;1.5;2020-02-03 10:12:13.480000
63;0.05879968;1.805;0.032576;3.5;2020-02-03 10:12:14.501000
63;0.05939688;1.895;0.031344;1.5;2020-02-03 10:12:15.527000
63;0.05633568;1.86;0.030288;3.5;2020-02-03 10:12:16.564000
63;0.06215904;1.91;0.032544;2.5;2020-02-03 10:12:17.586000
64;0.0623472;1.86;0.03352;3.5;2020-02-03 10:12:18.606000
64;0.06170528;1.82;0.033904;3.5;2020-02-03 10:12:19.627000
64;0.05475;1.825;0.03;2.5;2020-02-03 10:12:20.654000
65;0.0547536;1.65;0.033184;2.5;2020-02-03 10:12:21.691000
65;0.054132;1.625;0.033312;1.5;2020-02-03 10:12:22.711000
65;0.05793792;1.84;0.031488;1.5;2020-02-03 10:12:23.748000
65;0.05781768;1.915;0.030192;1.5;2020-02-03 10:12:24.776000
65;0.06060456;1.845;0.032848;1.5;2020-02-03 10:12:25.814000
65;0.06289344;1.79;0.035136;3.5;2020-02-03 10:12:26.836000
65;0.06209536;1.895;0.032768;2.5;2020-02-03 10:12:27.857000
65;0.06258432;1.74;0.035968;1.5;2020-02-03 10:12:28.877000
65;0.06092592;1.815;0.033568;3.5;2020-02-03 10:12:29.905000
65;0.0579168;1.8;0.032176;2.5;2020-02-03 10:12:30.941000
65;0.05434848;1.67;0.032544;3.5;2020-02-03 10:12:31.963000
64;0.0529368;1.725;0.030688;2.5;2020-02-03 10:12:32.984000
64;0.05349352;1.735;0.030832;3.5;2020-02-03 10:12:34.005000
64;0.0531072;1.8;0.029504;3.5;2020-02-03 10:12:37.043000
63;0.05116832;1.855;0.027584;3.5;2020-02-03 10:12:38.081000
63;0.0561792;1.9;0.029568;1.5;2020-02-03 10:12:39.101000
63;0.04885328;1.855;0.026336;2.5;2020-02-03 10:12:40.121000
63;0.04878336;1.92;0.025408;2.5;2020-02-03 10:12:41.158000
63;0.05300648;1.765;0.030032;2.5;2020-02-03 10:12:42.170000
63;0.0527736;1.65;0.031984;1.5;2020-02-03 10:12:43.206000
63;0.05518512;1.71;0.032272;3.5;2020-02-03 10:12:44.227000
63;0.05042448;1.71;0.029488;1.5;2020-02-03 10:12:45.248000
63;0.05468232;1.815;0.030128;2.5;2020-02-03 10:12:46.269000
63;0.0526176;1.89;0.02784;3.5;2020-02-03 10:12:47.290000
63;0.051816;1.905;0.0272;3.5;2020-02-03 10:12:49.338000
63;0.05283704;1.765;0.029936;2.5;2020-02-03 10:12:50.359000
63;0.0467544;1.815;0.02576;3.5;2020-02-03 10:12:51.380000
63;0.0515336;1.85;0.027856;3.5;2020-02-03 10:12:52.399000
63;0.0569088;1.95;0.029184;2.5;2020-02-03 10:12:53.426000
63;0.05382;1.875;0.028704;3.5;2020-02-03 10:12:54.463000
63;0.05573568;1.885;0.029568;3.5;2020-02-03 10:12:55.484000
63;0.05563392;1.92;0.028976;2.5;2020-02-03 10:12:56.505000
63;0.0522;1.875;0.02784;2.5;2020-02-03 10:12:57.526000
63;0.05378224;1.73;0.031088;1.5;2020-02-03 10:12:58.553000
63;0.04950792;1.645;0.030096;1.5;2020-02-03 10:12:59.590000
63;0.0539232;1.64;0.03288;3.5;2020-02-03 10:13:00.611000
63;0.056052;1.73;0.0324;3.5;2020-02-03 10:13:01.633000
63;0.05404168;1.705;0.031696;1.5;2020-02-03 10:13:02.653000
63;0.05159232;1.69;0.030528;1.5;2020-02-03 10:13:03.680000
63;0.05101424;1.73;0.029488;3.5;2020-02-03 10:13:04.717000
64;0.04913568;1.815;0.027072;3.5;2020-02-03 10:13:05.738000
64;0.04782976;1.72;0.027808;2.5;2020-02-03 10:13:06.758000
65;0.04566408;1.765;0.025872;2.5;2020-02-03 10:13:07.794000
66;0.04663992;1.865;0.025008;1.5;2020-02-03 10:13:08.806000
66;0.04478264;1.895;0.023632;2.5;2020-02-03 10:13:09.843000
66;0.0462392;1.795;0.02576;3.5;2020-02-03 10:13:10.864000
66;0.058144;1.975;0.02944;2.5;2020-02-03 10:13:11.900000
66;0.0533408;1.975;0.027008;1.5;2020-02-03 10:13:12.920000
66;0.05114544;1.905;0.026848;3.5;2020-02-03 10:13:13.931000
66;0.04770392;1.795;0.026576;2.5;2020-02-03 10:13:14.967000
66;0.04989816;1.755;0.028432;2.5;2020-02-03 10:13:15.989000
65;0.04569352;1.795;0.025456;2.5;2020-02-03 10:13:17.010000
66;0.04932792;1.845;0.026736;1.5;2020-02-03 10:13:18.030000
66;0.05335064;1.645;0.032432;2.5;2020-02-03 10:13:19.051000
66;0.04717952;1.64;0.028768;2.5;2020-02-03 10:13:20.079000
65;0.043952;1.675;0.02624;2.5;2020-02-03 10:13:21.100000
65;0.04717704;1.865;0.025296;3.5;2020-02-03 10:13:22.121000
65;0.0434824;1.85;0.023504;3.5;2020-02-03 10:13:23.141000
64;0.04672848;2.01;0.023248;3.5;2020-02-03 10:13:24.163000
64;0.04672416;2.045;0.022848;2.5;2020-02-03 10:13:25.189000
64;0.0450524;2.075;0.021712;3.5;2020-02-03 10:13:26.225000
63;0.04914048;1.91;0.025728;1.5;2020-02-03 10:13:27.247000
63;0.0497952;1.995;0.02496;1.5;2020-02-03 10:13:28.268000
63;0.04808016;1.93;0.024912;2.5;2020-02-03 10:13:29.289000
63;0.0494592;1.92;0.02576;1.5;2020-02-03 10:13:30.315000
63;0.04345344;1.845;0.023552;1.5;2020-02-03 10:13:31.353000
63;0.0491808;1.88;0.02616;3.5;2020-02-03 10:13:32.373000
63;0.05220768;1.785;0.029248;1.5;2020-02-03 10:13:33.395000
63;0.04954224;1.815;0.027296;2.5;2020-02-03 10:13:34.416000
64;0.05636864;1.94;0.029056;1.5;2020-02-03 10:13:35.444000
64;0.05688504;1.845;0.030832;2.5;2020-02-03 10:13:36.480000
64;0.052614;1.975;0.02664;1.5;2020-02-03 10:13:37.502000
64;0.066048;2.0;0.033024;2.5;2020-02-03 10:13:38.523000
63;0.0628992;1.82;0.03456;2.5;2020-02-03 10:13:39.544000
63;0.05838336;1.81;0.032256;2.5;2020-02-03 10:13:40.571000
63;0.05745;1.875;0.03064;1.5;2020-02-03 10:13:41.608000
63;0.05553128;1.855;0.029936;2.5;2020-02-03 10:13:42.630000
63;0.05266704;1.695;0.031072;1.5;2020-02-03 10:13:43.651000
63;0.05170752;1.88;0.027504;3.5;2020-02-03 10:13:44.672000
63;0.05437472;1.835;0.029632;2.5;2020-02-03 10:13:45.699000
63;0.05122656;1.98;0.025872;2.5;2020-02-03 10:13:46.737000
63;0.0474848;1.9;0.024992;1.5;2020-02-03 10:13:47.758000
63;0.0479184;2.01;0.02384;2.5;2020-02-03 10:13:48.779000
63;0.0486752;1.855;0.02624;1.5;2020-02-03 10:13:49.800000
63;0.04503;1.875;0.024016;2.5;2020-02-03 10:13:50.827000
62;0.0482688;1.8;0.026816;2.5;2020-02-03 10:13:51.865000
63;0.04992;1.95;0.0256;2.5;2020-02-03 10:13:52.886000
63;0.0470896;1.9;0.024784;2.5;2020-02-03 10:13:53.905000
63;0.05492992;1.72;0.031936;2.5;2020-02-03 10:13:54.940000
63;0.05087232;1.84;0.027648;3.5;2020-02-03 10:13:55.953000
64;0.05262592;1.685;0.031232;3.5;2020-02-03 10:13:56.991000
64;0.05449008;1.83;0.029776;1.5;2020-02-03 10:13:58.012000
64;0.04876032;1.68;0.029024;2.5;2020-02-03 10:13:59.033000
64;0.051408;1.8;0.02856;1.5;2020-02-03 10:14:02.064000
64;0.0534336;1.84;0.02904;2.5;2020-02-03 10:14:03.085000
64;0.05113368;1.755;0.029136;3.5;2020-02-03 10:14:04.096000
64;0.05193552;1.885;0.027552;2.5;2020-02-03 10:14:05.132000
64;0.05742016;1.96;0.029296;3.5;2020-02-03 10:14:06.154000
63;0.05726616;1.915;0.029904;3.5;2020-02-03 10:14:07.175000
63;0.0494608;1.9;0.026032;2.5;2020-02-03 10:14:08.196000
63;0.05515328;1.82;0.030304;3.5;2020-02-03 10:14:09.223000
63;0.058576;1.75;0.033472;3.5;2020-02-03 10:14:10.260000
63;0.0528696;1.575;0.033568;2.5;2020-02-03 10:14:11.281000
63;0.05193728;1.585;0.032768;2.5;2020-02-03 10:14:12.301000
63;0.05893888;1.84;0.032032;3.5;2020-02-03 10:14:13.322000
63;0.05253568;1.72;0.030544;1.5;2020-02-03 10:14:14.349000
63;0.0515808;1.8;0.028656;2.5;2020-02-03 10:14:15.386000
63;0.05358144;1.72;0.031152;2.5;2020-02-03 10:14:16.406000
63;0.04787552;1.595;0.030016;1.5;2020-02-03 10:14:17.427000
63;0.04868976;1.685;0.028896;1.5;2020-02-03 10:14:18.448000
63;0.0522432;1.8;0.029024;1.5;2020-02-03 10:14:19.475000
63;0.05466688;1.865;0.029312;2.5;2020-02-03 10:14:20.512000
63;0.05991872;1.865;0.032128;1.5;2020-02-03 10:14:21.533000
63;0.05733728;1.82;0.031504;3.5;2020-02-03 10:14:22.554000
63;0.05817472;1.88;0.030944;1.5;2020-02-03 10:14:23.575000
63;0.04906032;1.79;0.027408;2.5;2020-02-03 10:14:24.602000
64;0.06004264;1.855;0.032368;3.5;2020-02-03 10:14:25.639000
63;0.048416;1.78;0.0272;3.5;2020-02-03 10:14:26.660000
63;0.05085008;1.945;0.026144;1.5;2020-02-03 10:14:27.680000
63;0.05914656;1.98;0.029872;3.5;2020-02-03 10:14:28.716000
62;0.05737856;1.84;0.031184;2.5;2020-02-03 10:14:29.745000
62;0.05500048;1.895;0.029024;2.5;2020-02-03 10:14:30.766000
62;0.05700816;1.83;0.031152;3.5;2020-02-03 10:14:31.786000
62;0.05871304;1.805;0.032528;1.5;2020-02-03 10:14:32.822000
62;0.05054304;1.63;0.031008;2.5;2020-02-03 10:14:33.827000
62;0.0492544;1.6;0.030784;3.5;2020-02-03 10:14:34.854000
62;0.04884336;1.585;0.030816;2.5;2020-02-03 10:14:35.867000
62;0.06168768;1.78;0.034656;3.5;2020-02-03 10:14:37.897000
63;0.059164;1.75;0.033808;3.5;2020-02-03 10:14:38.926000
64;0.05084816;1.73;0.029392;1.5;2020-02-03 10:14:39.950000
64;0.05252016;1.715;0.030624;3.5;2020-02-03 10:14:40.966000
64;0.051828;1.75;0.029616;2.5;2020-02-03 10:14:42.986000
63;0.05035536;1.87;0.026928;2.5;2020-02-03 10:14:45.017000
64;0.04395536;1.805;0.024352;1.5;2020-02-03 10:14:46.035000
64;0.04932256;1.94;0.025424;2.5;2020-02-03 10:14:47.051000
64;0.04650048;1.755;0.026496;2.5;2020-02-03 10:14:49.074000
63;0.04901408;1.78;0.027536;3.5;2020-02-03 10:14:51.095000
63;0.05829312;1.94;0.030048;2.5;2020-02-03 10:14:52.129000
62;0.0524472;1.95;0.026896;1.5;2020-02-03 10:14:53.147000
63;0.05135328;1.98;0.025936;3.5;2020-02-03 10:14:54.174000
63;0.05160832;1.84;0.028048;3.5;2020-02-03 10:14:55.192000
63;0.04908896;1.79;0.027424;1.5;2020-02-03 10:14:56.216000
63;0.05876016;1.895;0.031008;2.5;2020-02-03 10:14:59.236000
64;0.05767104;1.96;0.029424;1.5;2020-02-03 10:15:00.254000
64;0.05755456;2.03;0.028352;2.5;2020-02-03 10:15:01.292000
64;0.05313448;1.985;0.026768;1.5;2020-02-03 10:15:04.315000
63;0.04225104;1.83;0.023088;1.5;2020-02-03 10:15:05.344000
63;0.04213408;1.765;0.023872;3.5;2020-02-03 10:15:06.379000
63;0.04626864;1.905;0.024288;1.5;2020-02-03 10:15:07.405000
63;0.04953984;1.995;0.024832;3.5;2020-02-03 10:15:08.420000
63;0.04692736;1.84;0.025504;3.5;2020-02-03 10:15:09.445000
62;0.05305552;1.865;0.028448;1.5;2020-02-03 10:15:10.471000
62;0.04789392;1.695;0.028256;2.5;2020-02-03 10:15:11.494000
62;0.04583096;1.835;0.024976;1.5;2020-02-03 10:15:12.531000
61;0.0485688;1.77;0.02744;3.5;2020-02-03 10:15:13.555000
61;0.04921728;1.68;0.029296;1.5;2020-02-03 10:15:14.572000
61;0.0550024;1.745;0.03152;3.5;2020-02-03 10:15:15.597000
61;0.0511676;1.595;0.03208;3.5;2020-02-03 10:15:16.622000
61;0.04925088;1.745;0.028224;1.5;2020-02-03 10:15:17.645000
61;0.0527768;1.85;0.028528;3.5;2020-02-03 10:15:18.682000
62;0.0537576;1.95;0.027568;3.5;2020-02-03 10:15:19.707000
62;0.0529688;1.825;0.029024;3.5;2020-02-03 10:15:20.730000
63;0.0488432;1.78;0.02744;3.5;2020-02-03 10:15:21.747000
63;0.05537664;1.84;0.030096;1.5;2020-02-03 10:15:22.771000
63;0.05372928;1.76;0.030528;2.5;2020-02-03 10:15:23.796000
64;0.05103264;1.59;0.032096;3.5;2020-02-03 10:15:24.819000
63;0.05765664;1.635;0.035264;1.5;2020-02-03 10:15:25.856000
63;0.05378856;1.515;0.035504;3.5;2020-02-03 10:15:26.879000
62;0.060698;1.705;0.0356;2.5;2020-02-03 10:15:27.896000
62;0.05937728;1.805;0.032896;2.5;2020-02-03 10:15:28.922000
63;0.0559504;1.87;0.02992;1.5;2020-02-03 10:15:29.947000
63;0.05720192;1.84;0.031088;1.5;2020-02-03 10:15:30.970000
63;0.06096024;1.935;0.031504;3.5;2020-02-03 10:15:32.982000
63;0.05309928;1.755;0.030256;2.5;2020-02-03 10:15:33.998000
62;0.04779216;1.755;0.027232;3.5;2020-02-03 10:15:36.018000
61;0.04457344;1.795;0.024832;1.5;2020-02-03 10:15:37.042000
61;0.0456688;1.825;0.025024;1.5;2020-02-03 10:15:38.079000
61;0.04445376;1.69;0.026304;2.5;2020-02-03 10:15:39.102000
61;0.05584928;1.78;0.031376;1.5;2020-02-03 10:15:40.119000
61;0.05567232;1.76;0.031632;1.5;2020-02-03 10:15:41.145000
61;0.0575532;1.825;0.031536;2.5;2020-02-03 10:15:42.170000
61;0.05278848;1.77;0.029824;1.5;2020-02-03 10:15:43.205000
61;0.05781608;1.715;0.033712;1.5;2020-02-03 10:15:44.230000
61;0.057072;1.74;0.0328;2.5;2020-02-03 10:15:45.253000
61;0.04612992;1.64;0.028128;1.5;2020-02-03 10:15:46.269000
62;0.051828;1.75;0.029616;1.5;2020-02-03 10:15:47.294000
62;0.05205368;1.715;0.030352;2.5;2020-02-03 10:15:48.305000
62;0.04887168;1.78;0.027456;1.5;2020-02-03 10:15:49.342000
62;0.0530472;1.725;0.030752;2.5;2020-02-03 10:15:50.359000
62;0.05204736;1.62;0.032128;2.5;2020-02-03 10:15:51.384000
62;0.054136;1.675;0.03232;3.5;2020-02-03 10:15:52.409000
61;0.05492496;1.59;0.034544;3.5;2020-02-03 10:15:53.428000
60;0.05788528;1.655;0.034976;2.5;2020-02-03 10:15:54.448000
60;0.05334896;1.61;0.033136;2.5;2020-02-03 10:15:55.473000
59;0.05097168;1.71;0.029808;3.5;2020-02-03 10:15:56.498000
59;0.0491184;1.62;0.03032;1.5;2020-02-03 10:15:57.512000
59;0.05180864;1.69;0.030656;2.5;2020-02-03 10:15:58.545000
59;0.05391016;1.765;0.030544;2.5;2020-02-03 10:15:59.562000
59;0.0474712;1.73;0.02744;3.5;2020-02-03 10:16:00.587000
59;0.05425792;1.84;0.029488;3.5;2020-02-03 10:16:01.612000
59;0.04858776;1.885;0.025776;3.5;2020-02-03 10:16:02.635000
59;0.0531876;1.745;0.03048;3.5;2020-02-03 10:16:03.672000
60;0.05671872;1.72;0.032976;1.5;2020-02-03 10:16:04.695000
60;0.05268416;1.565;0.033664;2.5;2020-02-03 10:16:05.712000
60;0.04961072;1.555;0.031904;2.5;2020-02-03 10:16:06.737000
60;0.04755072;1.68;0.028304;3.5;2020-02-03 10:16:08.766000
61;0.04837672;1.715;0.028208;1.5;2020-02-03 10:16:09.791000
61;0.04634656;1.69;0.027424;2.5;2020-02-03 10:16:10.814000
62;0.04299344;1.61;0.026704;2.5;2020-02-03 10:16:11.851000
62;0.04589424;1.57;0.029232;2.5;2020-02-03 10:16:12.866000
62;0.0410856;1.59;0.02584;1.5;2020-02-03 10:16:13.898000
62;0.04669184;1.84;0.025376;1.5;2020-02-03 10:16:14.915000
61;0.05361;1.875;0.028592;2.5;2020-02-03 10:16:15.941000
61;0.05169408;1.905;0.027136;1.5;2020-02-03 10:16:16.964000
60;0.05143968;1.685;0.030528;1.5;2020-02-03 10:16:17.981000
60;0.05769;1.875;0.030768;3.5;2020-02-03 10:16:19.005000
60;0.05258288;1.765;0.029792;3.5;2020-02-03 10:16:20.030000
60;0.05088408;1.735;0.029328;3.5;2020-02-03 10:16:21.055000
60;0.0513968;1.765;0.02912;3.5;2020-02-03 10:16:22.078000
60;0.04959528;1.855;0.026736;1.5;2020-02-03 10:16:23.095000
59;0.0551936;1.76;0.03136;1.5;2020-02-03 10:16:24.120000
59;0.05188344;1.735;0.029904;2.5;2020-02-03 10:16:25.145000
59;0.04766352;1.635;0.029152;3.5;2020-02-03 10:16:26.168000
59;0.047944;1.625;0.029504;3.5;2020-02-03 10:16:27.185000
59;0.05162832;1.665;0.031008;3.5;2020-02-03 10:16:28.208000
58;0.04810104;1.755;0.027408;2.5;2020-02-03 10:16:30.235000
58;0.05332288;1.885;0.028288;2.5;2020-02-03 10:16:32.284000
59;0.04386096;1.755;0.024992;1.5;2020-02-03 10:16:33.309000
59;0.04752176;1.705;0.027872;3.5;2020-02-03 10:16:34.331000
59;0.04866672;1.59;0.030608;2.5;2020-02-03 10:16:35.341000
60;0.045936;1.65;0.02784;3.5;2020-02-03 10:16:36.372000
60;0.04556176;1.63;0.027952;2.5;2020-02-03 10:16:37.396000
60;0.04715776;1.69;0.027904;3.5;2020-02-03 10:16:38.419000
61;0.0482232;1.775;0.027168;2.5;2020-02-03 10:16:39.444000
61;0.0439208;1.705;0.02576;2.5;2020-02-03 10:16:40.465000
61;0.04769712;1.81;0.026352;2.5;2020-02-03 10:16:41.482000
61;0.04488704;1.76;0.025504;1.5;2020-02-03 10:16:43.499000
61;0.05558864;1.91;0.029104;3.5;2020-02-03 10:16:44.523000
61;0.0462924;1.925;0.024048;2.5;2020-02-03 10:16:45.541000
61;0.04704;2.0;0.02352;2.5;2020-02-03 10:16:46.568000
61;0.04363872;1.965;0.022208;3.5;2020-02-03 10:16:47.590000
60;0.04560408;1.935;0.023568;2.5;2020-02-03 10:16:48.601000
60;0.043582;1.925;0.02264;1.5;2020-02-03 10:16:49.626000
60;0.05031;1.875;0.026832;1.5;2020-02-03 10:16:50.659000
60;0.0478272;1.88;0.02544;2.5;2020-02-03 10:16:51.676000
60;0.04623696;1.89;0.024464;2.5;2020-02-03 10:16:52.700000
60;0.0485736;1.85;0.026256;3.5;2020-02-03 10:16:53.724000
60;0.04487184;1.755;0.025568;3.5;2020-02-03 10:16:54.749000
60;0.0490752;1.775;0.027648;1.5;2020-02-03 10:16:55.772000
60;0.04738368;1.74;0.027232;1.5;2020-02-03 10:16:56.787000
60;0.04704896;1.78;0.026432;2.5;2020-02-03 10:16:58.815000
61;0.04094728;1.705;0.024016;1.5;2020-02-03 10:17:00.840000
61;0.04357992;1.805;0.024144;1.5;2020-02-03 10:17:01.858000
61;0.04188512;1.66;0.025232;2.5;2020-02-03 10:17:02.874000
61;0.04683744;1.62;0.028912;1.5;2020-02-03 10:17:03.902000
62;0.04377888;1.62;0.027024;2.5;2020-02-03 10:17:04.933000
62;0.045804;1.735;0.0264;2.5;2020-02-03 10:17:05.962000
62;0.0504252;1.725;0.029232;3.5;2020-02-03 10:17:06.986000
62;0.04646752;1.535;0.030272;2.5;2020-02-03 10:17:08.008000
62;0.04341632;1.585;0.027392;2.5;2020-02-03 10:17:09.045000
62;0.04878016;1.69;0.028864;1.5;2020-02-03 10:17:10.068000
62;0.04512768;1.695;0.026624;1.5;2020-02-03 10:17:11.092000
62;0.04523904;1.89;0.023936;3.5;2020-02-03 10:17:12.132000
63;0.04880976;1.83;0.026672;1.5;2020-02-03 10:17:13.146000
63;0.0498212;1.675;0.029744;2.5;2020-02-03 10:17:15.170000
63;0.0504036;1.795;0.02808;3.5;2020-02-03 10:17:16.199000
63;0.0467268;1.725;0.027088;1.5;2020-02-03 10:17:17.223000
63;0.0560752;1.735;0.03232;1.5;2020-02-03 10:17:18.250000
63;0.0507528;1.71;0.02968;2.5;2020-02-03 10:17:19.259000
64;0.0556784;1.7;0.032752;1.5;2020-02-03 10:17:20.289000
64;0.0579968;1.84;0.03152;3.5;2020-02-03 10:17:23.312000
64;0.05215584;1.815;0.028736;2.5;2020-02-03 10:17:24.330000
64;0.05238864;1.81;0.028944;3.5;2020-02-03 10:17:27.372000
67;0.05226;1.95;0.0268;2.5;2020-02-03 10:17:28.390000
68;0.0508072;2.05;0.024784;2.5;2020-02-03 10:17:31.427000
71;0.05684952;1.995;0.028496;3.5;2020-02-03 10:17:32.445000
72;0.04888992;2.005;0.024384;3.5;2020-02-03 10:17:35.461000
74;0.0554736;1.95;0.028448;1.5;2020-02-03 10:17:37.481000
76;0.0531336;1.95;0.027248;3.5;2020-02-03 10:17:38.506000
76;0.0497344;1.9;0.026176;2.5;2020-02-03 10:17:39.524000
77;0.05481664;1.94;0.028256;1.5;2020-02-03 10:17:42.547000
79;0.05047056;1.89;0.026704;3.5;2020-02-03 10:17:43.566000
79;0.04587;1.875;0.024464;1.5;2020-02-03 10:17:44.584000
80;0.0499776;2.055;0.02432;2.5;2020-02-03 10:17:47.614000
81;0.04772368;1.895;0.025184;2.5;2020-02-03 10:17:48.648000
82;0.0447552;1.85;0.024192;3.5;2020-02-03 10:17:49.666000
82;0.0529764;1.965;0.02696;1.5;2020-02-03 10:17:52.689000
83;0.05498976;1.715;0.032064;3.5;2020-02-03 10:17:55.713000
85;0.0482092;1.825;0.026416;2.5;2020-02-03 10:17:56.731000
85;0.0494424;2.025;0.024416;2.5;2020-02-03 10:17:58.774000
86;0.050688;1.92;0.0264;2.5;2020-02-03 10:17:59.797000
86;0.05285064;1.965;0.026896;1.5;2020-02-03 10:18:02.821000
87;0.05847448;1.945;0.030064;2.5;2020-02-03 10:18:03.839000
87;0.0623904;2.01;0.03104;3.5;2020-02-03 10:18:06.863000
81;0.05354352;1.805;0.029664;1.5;2020-02-03 10:18:07.887000
79;0.0509544;1.685;0.03024;2.5;2020-02-03 10:18:08.921000
76;0.0499936;1.7;0.029408;3.5;2020-02-03 10:18:11.937000
72;0.058464;1.75;0.033408;1.5;2020-02-03 10:18:12.955000
71;0.0506192;1.7;0.029776;1.5;2020-02-03 10:18:14.976000
69;0.04770752;1.61;0.029632;3.5;2020-02-03 10:18:15.994000
69;0.05248152;1.755;0.029904;3.5;2020-02-03 10:18:19.018000
67;0.05803344;1.91;0.030384;3.5;2020-02-03 10:18:22.041000
66;0.0528384;1.72;0.03072;1.5;2020-02-03 10:18:23.066000
66;0.05012664;1.655;0.030288;3.5;2020-02-03 10:18:24.100000
66;0.05210784;1.63;0.031968;3.5;2020-02-03 10:18:25.118000
66;0.05660136;1.905;0.029712;2.5;2020-02-03 10:18:28.146000
66;0.0506912;1.825;0.027776;1.5;2020-02-03 10:18:29.164000
65;0.05574096;1.87;0.029808;1.5;2020-02-03 10:18:30.191000
65;0.05089392;1.89;0.026928;3.5;2020-02-03 10:18:31.209000
65;0.05031024;1.865;0.026976;3.5;2020-02-03 10:18:32.228000
65;0.05337216;1.845;0.028928;1.5;2020-02-03 10:18:35.254000
65;0.05119312;1.87;0.027376;1.5;2020-02-03 10:18:37.301000
65;0.04705664;1.895;0.024832;3.5;2020-02-03 10:18:38.321000
65;0.0500964;1.915;0.02616;2.5;2020-02-03 10:18:39.340000
65;0.05529456;1.935;0.028576;1.5;2020-02-03 10:18:40.360000
65;0.053438;1.925;0.02776;3.5;2020-02-03 10:18:43.388000
66;0.0501216;1.725;0.029056;3.5;2020-02-03 10:18:44.399000
66;0.05189704;1.795;0.028912;1.5;2020-02-03 10:18:45.434000
66;0.04757688;1.955;0.024336;2.5;2020-02-03 10:18:46.455000
66;0.05536;2.0;0.02768;1.5;2020-02-03 10:18:47.475000
66;0.0576384;1.9;0.030336;1.5;2020-02-03 10:18:48.494000
66;0.06618848;1.955;0.033856;2.5;2020-02-03 10:18:49.520000
66;0.05763328;1.88;0.030656;1.5;2020-02-03 10:18:50.556000
66;0.059594;1.795;0.0332;1.5;2020-02-03 10:18:51.576000
66;0.05513984;1.81;0.030464;3.5;2020-02-03 10:18:54.601000
66;0.05608896;1.965;0.028544;1.5;2020-02-03 10:18:55.620000
66;0.05788904;2.095;0.027632;3.5;2020-02-03 10:18:58.646000
66;0.0574368;1.93;0.02976;3.5;2020-02-03 10:18:59.657000
66;0.0472964;1.865;0.02536;3.5;2020-02-03 10:19:00.692000
66;0.055632;1.9;0.02928;1.5;2020-02-03 10:19:01.711000
66;0.0508928;1.775;0.028672;3.5;2020-02-03 10:19:02.730000
66;0.0494616;1.85;0.026736;1.5;2020-02-03 10:19:05.756000
65;0.04971816;1.735;0.028656;1.5;2020-02-03 10:19:06.775000
65;0.05309184;1.86;0.028544;3.5;2020-02-03 10:19:07.801000
65;0.0463968;1.8;0.025776;1.5;2020-02-03 10:19:08.820000
65;0.0429692;1.775;0.024208;3.5;2020-02-03 10:19:09.839000
65;0.04439872;1.73;0.025664;1.5;2020-02-03 10:19:10.859000
65;0.05135464;1.865;0.027536;3.5;2020-02-03 10:19:13.886000
65;0.0490032;1.845;0.02656;3.5;2020-02-03 10:19:14.905000
65;0.04344688;1.79;0.024272;1.5;2020-02-03 10:19:15.931000
65;0.04834688;1.765;0.027392;1.5;2020-02-03 10:19:16.951000
64;0.04992128;1.72;0.029024;2.5;2020-02-03 10:19:17.971000
64;0.051888;1.88;0.0276;3.5;2020-02-03 10:19:18.991000
64;0.0522104;1.87;0.02792;1.5;2020-02-03 10:19:20.011000
64;0.05037192;1.935;0.026032;3.5;2020-02-03 10:19:21.015000
64;0.04882944;2.04;0.023936;3.5;2020-02-03 10:19:23.039000
64;0.04484832;1.86;0.024112;1.5;2020-02-03 10:19:24.050000
65;0.04681896;1.865;0.025104;3.5;2020-02-03 10:19:25.085000
65;0.03920688;1.71;0.022928;3.5;2020-02-03 10:19:26.104000
66;0.04270392;1.665;0.025648;1.5;2020-02-03 10:19:27.123000
66;0.05086312;1.795;0.028336;3.5;2020-02-03 10:19:30.150000
65;0.05069792;1.82;0.027856;1.5;2020-02-03 10:19:31.169000
65;0.0518076;1.845;0.02808;3.5;2020-02-03 10:19:32.194000
64;0.04490192;1.645;0.027296;2.5;2020-02-03 10:19:33.205000
64;0.04437184;1.64;0.027056;2.5;2020-02-03 10:19:35.230000
64;0.0447296;1.45;0.030848;3.5;2020-02-03 10:19:36.250000
64;0.04385624;1.465;0.029936;2.5;2020-02-03 10:19:37.276000
63;0.04334576;1.39;0.031184;3.5;2020-02-03 10:19:38.296000
63;0.0462372;1.325;0.034896;1.5;2020-02-03 10:19:39.315000
63;0.0431244;1.485;0.02904;1.5;2020-02-03 10:19:42.326000
63;0.0487424;1.6;0.030464;1.5;2020-02-03 10:19:44.350000
64;0.0506184;1.61;0.03144;1.5;2020-02-03 10:19:45.370000
63;0.05285056;1.645;0.032128;2.5;2020-02-03 10:19:48.397000
64;0.05395824;1.59;0.033936;1.5;2020-02-03 10:19:49.406000
64;0.05102208;1.72;0.029664;2.5;2020-02-03 10:19:50.441000
65;0.050688;1.65;0.03072;3.5;2020-02-03 10:19:51.461000
66;0.0497628;1.725;0.028848;1.5;2020-02-03 10:19:52.480000
66;0.04496976;1.87;0.024048;3.5;2020-02-03 10:19:53.500000
67;0.04420992;1.74;0.025408;2.5;2020-02-03 10:19:56.526000
70;0.04641624;1.755;0.026448;2.5;2020-02-03 10:19:57.537000
71;0.0442656;1.74;0.02544;1.5;2020-02-03 10:19:58.572000
71;0.0496392;1.95;0.025456;3.5;2020-02-03 10:19:59.592000
72;0.05540736;1.88;0.029472;3.5;2020-02-03 10:20:00.611000
72;0.0560776;1.835;0.03056;3.5;2020-02-03 10:20:01.632000
73;0.04876656;1.795;0.027168;1.5;2020-02-03 10:20:04.660000
73;0.05275864;1.795;0.029392;1.5;2020-02-03 10:20:05.685000
73;0.0535724;1.855;0.02888;1.5;2020-02-03 10:20:06.704000
73;0.04649768;1.795;0.025904;3.5;2020-02-03 10:20:07.724000
73;0.05150976;1.765;0.029184;2.5;2020-02-03 10:20:08.743000
74;0.0479816;1.85;0.025936;3.5;2020-02-03 10:20:09.763000
74;0.0522732;1.905;0.02744;1.5;2020-02-03 10:20:12.790000
74;0.05048928;1.865;0.027072;3.5;2020-02-03 10:20:13.815000
73;0.05693664;1.905;0.029888;3.5;2020-02-03 10:20:14.835000
72;0.05885184;1.94;0.030336;2.5;2020-02-03 10:20:15.855000
71;0.05063792;1.91;0.026512;3.5;2020-02-03 10:20:16.875000
70;0.05899408;1.955;0.030176;1.5;2020-02-03 10:20:19.902000
68;0.04879984;1.73;0.028208;2.5;2020-02-03 10:20:20.921000
67;0.0487296;1.8;0.027072;3.5;2020-02-03 10:20:21.946000
66;0.04668192;1.62;0.028816;1.5;2020-02-03 10:20:22.966000
66;0.0481824;1.8;0.026768;1.5;2020-02-03 10:20:23.983000
65;0.05275008;1.71;0.030848;3.5;2020-02-03 10:20:25.003000
65;0.05717808;1.77;0.032304;3.5;2020-02-03 10:20:26.022000
65;0.05565;1.855;0.03;3.5;2020-02-03 10:20:27.041000
65;0.0529248;1.85;0.028608;1.5;2020-02-03 10:20:28.066000
64;0.0554496;1.92;0.02888;1.5;2020-02-03 10:20:29.087000
64;0.05157144;1.845;0.027952;2.5;2020-02-03 10:20:31.125000
64;0.0548552;1.795;0.03056;2.5;2020-02-03 10:20:34.152000
63;0.04613328;1.77;0.026064;1.5;2020-02-03 10:20:35.172000
63;0.0487216;1.85;0.026336;1.5;2020-02-03 10:20:36.197000
63;0.05234888;1.835;0.028528;2.5;2020-02-03 10:20:37.217000
63;0.04816608;1.915;0.025152;3.5;2020-02-03 10:20:38.236000
63;0.0498764;1.895;0.02632;1.5;2020-02-03 10:20:40.263000
63;0.04719552;1.88;0.025104;1.5;2020-02-03 10:20:43.289000
62;0.0498712;1.93;0.02584;3.5;2020-02-03 10:20:44.308000
61;0.05244192;1.965;0.026688;2.5;2020-02-03 10:20:47.320000
61;0.05803008;1.92;0.030224;2.5;2020-02-03 10:20:49.343000
60;0.0580008;1.95;0.029744;2.5;2020-02-03 10:20:50.370000
60;0.053874;1.845;0.0292;1.5;2020-02-03 10:20:51.389000
60;0.05203968;1.76;0.029568;1.5;2020-02-03 10:20:52.407000
59;0.0443324;1.775;0.024976;1.5;2020-02-03 10:20:55.420000
59;0.05012424;1.935;0.025904;3.5;2020-02-03 10:20:57.443000
59;0.05164976;1.67;0.030928;3.5;2020-02-03 10:20:58.462000
59;0.04258656;1.59;0.026784;3.5;2020-02-03 10:21:01.487000
59;0.05105344;1.655;0.030848;3.5;2020-02-03 10:21:02.514000
60;0.04540528;1.63;0.027856;2.5;2020-02-03 10:21:03.533000
60;0.04477288;1.535;0.029168;2.5;2020-02-03 10:21:04.553000
60;0.043784;1.625;0.026944;3.5;2020-02-03 10:21:05.579000
62;0.047814;1.625;0.029424;1.5;2020-02-03 10:21:06.599000
62;0.04995584;1.76;0.028384;3.5;2020-02-03 10:21:07.619000
61;0.05270496;1.61;0.032736;3.5;2020-02-03 10:21:08.638000
61;0.04950504;1.845;0.026832;1.5;2020-02-03 10:21:11.666000
60;0.05051072;1.69;0.029888;3.5;2020-02-03 10:21:12.685000
60;0.04774176;1.815;0.026304;3.5;2020-02-03 10:21:13.705000
60;0.05739384;1.905;0.030128;2.5;2020-02-03 10:21:16.735000
59;0.05581296;1.715;0.032544;1.5;2020-02-03 10:21:18.764000
59;0.05634816;1.76;0.032016;1.5;2020-02-03 10:21:19.784000
58;0.0518544;1.95;0.026592;2.5;2020-02-03 10:21:21.808000
57;0.0512592;1.77;0.02896;1.5;2020-02-03 10:21:22.828000
58;0.055784;1.835;0.0304;1.5;2020-02-03 10:21:23.848000
58;0.049364;1.75;0.028208;2.5;2020-02-03 10:21:26.873000
57;0.0578832;1.86;0.03112;1.5;2020-02-03 10:21:27.895000
57;0.05331776;1.835;0.029056;2.5;2020-02-03 10:21:28.918000
56;0.05516352;1.83;0.030144;1.5;2020-02-03 10:21:29.939000
56;0.06026496;1.77;0.034048;3.5;2020-02-03 10:21:30.958000
56;0.0702848;1.9;0.036992;2.5;2020-02-03 10:21:33.985000
56;0.06798336;1.92;0.035408;2.5;2020-02-03 10:21:35.004000
57;0.06614808;1.835;0.036048;2.5;2020-02-03 10:21:36.028000
57;0.06452064;1.935;0.033344;2.5;2020-02-03 10:21:37.062000
57;0.0552816;1.98;0.02792;1.5;2020-02-03 10:21:40.088000
56;0.04135488;1.785;0.023168;2.5;2020-02-03 10:21:41.108000
56;0.0422592;1.775;0.023808;2.5;2020-02-03 10:21:42.128000
55;0.0450912;1.83;0.02464;2.5;2020-02-03 10:21:43.154000
55;0.0408856;1.715;0.02384;1.5;2020-02-03 10:21:44.189000
55;0.046784;1.72;0.0272;1.5;2020-02-03 10:21:45.208000
54;0.05023456;1.79;0.028064;1.5;2020-02-03 10:21:46.227000
54;0.04776408;1.755;0.027216;3.5;2020-02-03 10:21:47.231000
55;0.05003856;1.755;0.028512;2.5;2020-02-03 10:21:49.255000
55;0.04834512;1.71;0.028272;1.5;2020-02-03 10:21:50.280000
55;0.0441336;1.775;0.024864;2.5;2020-02-03 10:21:51.315000
55;0.04145232;1.69;0.024528;2.5;2020-02-03 10:21:52.334000
55;0.054316;1.835;0.0296;3.5;2020-02-03 10:21:53.352000
54;0.05207936;1.84;0.028304;2.5;2020-02-03 10:21:54.372000
54;0.05378208;1.815;0.029632;2.5;2020-02-03 10:21:55.392000
54;0.06293344;1.93;0.032608;2.5;2020-02-03 10:21:56.418000
54;0.05409;1.875;0.028848;3.5;2020-02-03 10:21:57.438000
55;0.05200152;1.945;0.026736;3.5;2020-02-03 10:21:58.458000
55;0.053312;1.96;0.0272;1.5;2020-02-03 10:21:59.484000
56;0.04901216;1.94;0.025264;1.5;2020-02-03 10:22:00.500000
56;0.04964776;1.835;0.027056;2.5;2020-02-03 10:22:01.526000
56;0.0460512;1.755;0.02624;2.5;2020-02-03 10:22:02.561000
55;0.04477216;1.81;0.024736;2.5;2020-02-03 10:22:03.582000
54;0.04730184;1.795;0.026352;1.5;2020-02-03 10:22:04.602000
54;0.0480192;1.83;0.02624;2.5;2020-02-03 10:22:07.628000
54;0.04740736;1.82;0.026048;2.5;2020-02-03 10:22:08.655000
54;0.04489536;1.745;0.025728;3.5;2020-02-03 10:22:09.689000
54;0.05077552;1.765;0.028768;1.5;2020-02-03 10:22:10.709000
54;0.04591904;1.955;0.023488;3.5;2020-02-03 10:22:11.729000
54;0.0419604;1.825;0.022992;1.5;2020-02-03 10:22:14.756000
56;0.04416992;1.94;0.022768;1.5;2020-02-03 10:22:15.775000
56;0.0488916;2.025;0.024144;2.5;2020-02-03 10:22:16.801000
55;0.05259968;2.065;0.025472;2.5;2020-02-03 10:22:17.821000
55;0.04905696;2.055;0.023872;1.5;2020-02-03 10:22:18.839000
55;0.05305048;2.135;0.024848;3.5;2020-02-03 10:22:21.868000
55;0.0549056;1.865;0.02944;2.5;2020-02-03 10:22:22.886000
54;0.05214912;1.73;0.030144;2.5;2020-02-03 10:22:23.911000
55;0.0494832;1.69;0.02928;1.5;2020-02-03 10:22:24.946000
55;0.05238992;1.87;0.028016;3.5;2020-02-03 10:22:25.966000
56;0.05244048;1.83;0.028656;2.5;2020-02-03 10:22:28.993000
54;0.04904856;1.815;0.027024;2.5;2020-02-03 10:22:30.013000
54;0.0509472;1.83;0.02784;3.5;2020-02-03 10:22:31.038000
54;0.04966656;1.74;0.028544;3.5;2020-02-03 10:22:32.073000
54;0.04323616;1.73;0.024992;2.5;2020-02-03 10:22:33.093000
54;0.04453712;1.73;0.025744;2.5;2020-02-03 10:22:34.112000
54;0.04736872;1.685;0.028112;3.5;2020-02-03 10:22:37.140000
53;0.0447536;1.66;0.02696;3.5;2020-02-03 10:22:38.160000
53;0.055152;1.8;0.03064;2.5;2020-02-03 10:22:39.184000
53;0.05356416;1.885;0.028416;2.5;2020-02-03 10:22:40.205000
53;0.06544;2.0;0.03272;1.5;2020-02-03 10:22:41.226000
53;0.06588736;1.91;0.034496;2.5;2020-02-03 10:22:42.246000
53;0.05874792;1.815;0.032368;2.5;2020-02-03 10:22:43.273000
53;0.06504696;1.935;0.033616;2.5;2020-02-03 10:22:44.283000
54;0.06454632;1.965;0.032848;2.5;2020-02-03 10:22:45.318000
54;0.05648712;1.865;0.030288;3.5;2020-02-03 10:22:46.337000
54;0.05821608;1.985;0.029328;1.5;2020-02-03 10:22:47.357000
53;0.0520328;1.93;0.02696;1.5;2020-02-03 10:22:49.391000
53;0.05232128;1.76;0.029728;2.5;2020-02-03 10:22:50.416000
53;0.0450328;1.81;0.02488;2.5;2020-02-03 10:22:51.428000
53;0.04752;1.8;0.0264;2.5;2020-02-03 10:22:53.462000
53;0.0515672;1.825;0.028256;3.5;2020-02-03 10:22:54.481000
53;0.0457776;1.65;0.027744;1.5;2020-02-03 10:22:57.508000
54;0.05296896;1.71;0.030976;3.5;2020-02-03 10:22:58.527000
54;0.0445632;1.65;0.027008;3.5;2020-02-03 10:22:59.553000
54;0.044354;1.655;0.0268;1.5;2020-02-03 10:23:00.590000
54;0.04285792;1.805;0.023744;2.5;2020-02-03 10:23:01.608000
54;0.05009424;1.785;0.028064;3.5;2020-02-03 10:23:04.636000
53;0.0528192;1.965;0.02688;2.5;2020-02-03 10:23:05.655000
53;0.05687496;1.965;0.028944;3.5;2020-02-03 10:23:06.681000
53;0.056352;2.0;0.028176;2.5;2020-02-03 10:23:07.716000
53;0.04832856;1.935;0.024976;2.5;2020-02-03 10:23:08.735000
53;0.05561144;1.945;0.028592;1.5;2020-02-03 10:23:11.748000
53;0.0555324;1.925;0.028848;3.5;2020-02-03 10:23:13.772000
53;0.05655424;1.84;0.030736;1.5;2020-02-03 10:23:14.792000
53;0.05348576;1.805;0.029632;1.5;2020-02-03 10:23:15.817000
53;0.05711904;1.98;0.028848;2.5;2020-02-03 10:23:16.852000
52;0.0507408;1.86;0.02728;2.5;2020-02-03 10:23:17.872000
52;0.05170176;1.92;0.026928;3.5;2020-02-03 10:23:20.899000
53;0.0496904;1.79;0.02776;1.5;2020-02-03 10:23:21.919000
53;0.04389072;1.83;0.023984;1.5;2020-02-03 10:23:22.944000
54;0.0453472;1.85;0.024512;1.5;2020-02-03 10:23:23.963000
53;0.04754904;1.705;0.027888;3.5;2020-02-03 10:23:24.988000
53;0.04397184;1.735;0.025344;3.5;2020-02-03 10:23:26.009000
53;0.04947696;1.755;0.028192;2.5;2020-02-03 10:23:27.024000
53;0.050204;1.75;0.028688;1.5;2020-02-03 10:23:29.047000
52;0.05249328;1.785;0.029408;1.5;2020-02-03 10:23:30.066000
52;0.048764;1.67;0.0292;1.5;2020-02-03 10:23:31.085000
52;0.04418976;1.91;0.023136;2.5;2020-02-03 10:23:34.112000
52;0.04828616;1.885;0.025616;2.5;2020-02-03 10:23:36.142000
52;0.0506464;1.9;0.026656;2.5;2020-02-03 10:23:37.161000
52;0.0402204;1.815;0.02216;2.5;2020-02-03 10:23:38.187000
52;0.0443536;1.9;0.023344;3.5;2020-02-03 10:23:39.207000
52;0.04416208;1.99;0.022192;2.5;2020-02-03 10:23:40.228000
51;0.04385824;2.02;0.021712;2.5;2020-02-03 10:23:41.250000
52;0.0505776;2.05;0.024672;3.5;2020-02-03 10:23:42.285000
52;0.04619992;2.015;0.022928;3.5;2020-02-03 10:23:43.306000
53;0.04168528;2.045;0.020384;3.5;2020-02-03 10:23:44.332000
53;0.042624;2.0;0.021312;2.5;2020-02-03 10:23:45.358000
53;0.04921344;1.92;0.025632;2.5;2020-02-03 10:23:46.394000
52;0.05323272;2.055;0.025904;3.5;2020-02-03 10:23:47.413000
52;0.05608344;1.995;0.028112;3.5;2020-02-03 10:23:50.440000
52;0.05838624;1.98;0.029488;2.5;2020-02-03 10:23:51.459000
51;0.04452128;1.865;0.023872;1.5;2020-02-03 10:23:52.485000
51;0.04290768;1.795;0.023904;1.5;2020-02-03 10:23:53.520000
52;0.04368;1.75;0.02496;2.5;2020-02-03 10:23:54.539000
51;0.0482256;1.7;0.028368;3.5;2020-02-03 10:23:57.568000
51;0.05442448;1.87;0.029104;1.5;2020-02-03 10:23:58.589000
51;0.0527328;1.8;0.029296;3.5;2020-02-03 10:23:59.624000
51;0.05318112;1.86;0.028592;2.5;2020-02-03 10:24:00.653000
51;0.05397504;1.92;0.028112;3.5;2020-02-03 10:24:01.661000
51;0.0638232;2.03;0.03144;1.5;2020-02-03 10:24:02.697000
51;0.05847;1.875;0.031184;3.5;2020-02-03 10:24:03.717000
51;0.06053536;2.02;0.029968;1.5;2020-02-03 10:24:04.737000
51;0.0524832;1.925;0.027264;2.5;2020-02-03 10:24:05.756000
52;0.05419008;1.96;0.027648;2.5;2020-02-03 10:24:06.781000
52;0.05191344;1.83;0.028368;1.5;2020-02-03 10:24:07.817000
51;0.05218664;1.705;0.030608;3.5;2020-02-03 10:24:08.836000
51;0.0487344;1.775;0.027456;2.5;2020-02-03 10:24:11.865000
51;0.04350048;1.695;0.025664;1.5;2020-02-03 10:24:13.911000
51;0.04831864;1.765;0.027376;2.5;2020-02-03 10:24:14.930000
51;0.047652;1.805;0.0264;2.5;2020-02-03 10:24:15.950000
51;0.0451548;1.695;0.02664;3.5;2020-02-03 10:24:16.969000
51;0.0536448;1.65;0.032512;1.5;2020-02-03 10:24:19.996000
51;0.0535608;1.73;0.03096;2.5;2020-02-03 10:24:21.006000
51;0.05961856;1.88;0.031712;3.5;2020-02-03 10:24:22.024000
51;0.05581336;1.835;0.030416;3.5;2020-02-03 10:24:23.050000
51;0.0622776;1.925;0.032352;2.5;2020-02-03 10:24:24.070000
51;0.05742816;1.835;0.031296;1.5;2020-02-03 10:24:25.089000
51;0.0625632;1.9;0.032928;3.5;2020-02-03 10:24:26.108000
51;0.05662768;1.91;0.029648;2.5;2020-02-03 10:24:29.135000
51;0.05420416;1.88;0.028832;3.5;2020-02-03 10:24:30.156000
51;0.04638144;1.785;0.025984;3.5;2020-02-03 10:24:31.166000
51;0.04963488;1.735;0.028608;3.5;2020-02-03 10:24:32.201000
51;0.04464448;1.58;0.028256;3.5;2020-02-03 10:24:33.221000
51;0.04900784;1.645;0.029792;1.5;2020-02-03 10:24:34.240000
51;0.05456064;1.81;0.030144;2.5;2020-02-03 10:24:37.267000
52;0.0442;1.7;0.026;3.5;2020-02-03 10:24:38.288000
52;0.0415872;1.805;0.02304;3.5;2020-02-03 10:24:39.298000
52;0.03505664;1.64;0.021376;2.5;2020-02-03 10:24:40.333000
52;0.0386456;1.675;0.023072;2.5;2020-02-03 10:24:41.353000
52;0.03955728;1.83;0.021616;3.5;2020-02-03 10:24:42.372000
52;0.04328208;1.935;0.022368;2.5;2020-02-03 10:24:45.399000
52;0.05222088;1.845;0.028304;2.5;2020-02-03 10:24:46.418000
52;0.0516336;1.86;0.02776;1.5;2020-02-03 10:24:47.443000
52;0.04717584;1.81;0.026064;1.5;2020-02-03 10:24:48.474000
52;0.0492184;1.925;0.025568;1.5;2020-02-03 10:24:51.499000
52;0.05812352;1.82;0.031936;3.5;2020-02-03 10:24:52.524000
51;0.05367024;1.83;0.029328;3.5;2020-02-03 10:24:53.532000
51;0.05185792;1.88;0.027584;3.5;2020-02-03 10:24:54.568000
52;0.05783536;1.87;0.030928;3.5;2020-02-03 10:24:55.588000
51;0.05419872;1.845;0.029376;1.5;2020-02-03 10:24:56.607000
51;0.04604864;1.705;0.027008;3.5;2020-02-03 10:24:59.633000
52;0.04329192;1.765;0.024528;1.5;2020-02-03 10:25:00.651000
51;0.0414256;1.7;0.024368;3.5;2020-02-03 10:25:01.670000
51;0.052688;1.85;0.02848;3.5;2020-02-03 10:25:02.688000
51;0.04678344;1.815;0.025776;1.5;2020-02-03 10:25:03.698000
51;0.0459672;1.79;0.02568;1.5;2020-02-03 10:25:04.731000
51;0.0509544;1.685;0.03024;3.5;2020-02-03 10:25:05.750000
51;0.0470496;1.74;0.02704;2.5;2020-02-03 10:25:06.769000
51;0.0516028;1.775;0.029072;3.5;2020-02-03 10:25:09.794000
51;0.05212032;1.68;0.031024;2.5;2020-02-03 10:25:10.819000
51;0.0482256;1.53;0.03152;2.5;2020-02-03 10:25:11.853000
51;0.04938024;1.615;0.030576;3.5;2020-02-03 10:25:12.873000
51;0.0499552;1.675;0.029824;1.5;2020-02-03 10:25:13.892000
51;0.048076;1.75;0.027472;1.5;2020-02-03 10:25:14.910000
51;0.04588528;1.855;0.024736;3.5;2020-02-03 10:25:15.930000
51;0.04835792;1.735;0.027872;1.5;2020-02-03 10:25:16.940000
51;0.0518704;1.7;0.030512;3.5;2020-02-03 10:25:17.975000
51;0.050944;1.6;0.03184;3.5;2020-02-03 10:25:18.994000
51;0.04127328;1.53;0.026976;3.5;2020-02-03 10:25:20.013000
51;0.04281552;1.485;0.028832;3.5;2020-02-03 10:25:23.026000
51;0.04320992;1.69;0.025568;1.5;2020-02-03 10:25:25.048000
51;0.0440368;1.7;0.025904;2.5;2020-02-03 10:25:26.074000
51;0.0453472;1.85;0.024512;1.5;2020-02-03 10:25:27.109000
51;0.0519684;1.905;0.02728;1.5;2020-02-03 10:25:28.128000
51;0.04780224;1.93;0.024768;1.5;2020-02-03 10:25:29.162000
52;0.0508032;1.89;0.02688;2.5;2020-02-03 10:25:30.179000
52;0.05013792;1.89;0.026528;2.5;2020-02-03 10:25:31.204000
52;0.04430064;1.83;0.024208;2.5;2020-02-03 10:25:32.222000
52;0.04868752;2.03;0.023984;1.5;2020-02-03 10:25:33.241000
52;0.05239;2.015;0.026;1.5;2020-02-03 10:25:36.266000
52;0.0557568;1.92;0.02904;1.5;2020-02-03 10:25:37.284000
52;0.0601812;1.825;0.032976;2.5;2020-02-03 10:25:40.310000
52;0.05559008;1.82;0.030544;1.5;2020-02-03 10:25:41.319000
51;0.0594928;1.805;0.03296;1.5;2020-02-03 10:25:42.354000
51;0.0611952;1.83;0.03344;3.5;2020-02-03 10:25:43.372000
51;0.05901376;1.73;0.034112;2.5;2020-02-03 10:25:44.391000
51;0.04811184;1.665;0.028896;1.5;2020-02-03 10:25:47.416000
51;0.0455536;1.42;0.03208;3.5;2020-02-03 10:25:48.441000
51;0.05235096;1.655;0.031632;3.5;2020-02-03 10:25:49.475000
51;0.04833536;1.58;0.030592;2.5;2020-02-03 10:25:52.498000
52;0.05186832;1.795;0.028896;1.5;2020-02-03 10:25:53.516000
52;0.04561648;1.69;0.026992;3.5;2020-02-03 10:25:54.534000
52;0.04454208;1.71;0.026048;2.5;2020-02-03 10:25:55.553000
52;0.04874224;1.765;0.027616;2.5;2020-02-03 10:25:56.563000
51;0.0452288;1.85;0.024448;1.5;2020-02-03 10:25:57.596000
51;0.04367616;1.88;0.023232;1.5;2020-02-03 10:25:58.614000
51;0.04490304;1.82;0.024672;3.5;2020-02-03 10:25:59.634000
51;0.05933032;1.855;0.031984;1.5;2020-02-03 10:26:00.653000
51;0.04936064;1.96;0.025184;2.5;2020-02-03 10:26:01.672000
51;0.04454352;1.89;0.023568;2.5;2020-02-03 10:26:02.683000
51;0.05167352;1.985;0.026032;2.5;2020-02-03 10:26:03.718000
51;0.05306544;1.935;0.027424;3.5;2020-02-03 10:26:04.737000
51;0.0578136;1.95;0.029648;3.5;2020-02-03 10:26:05.756000
51;0.05983224;1.905;0.031408;2.5;2020-02-03 10:26:06.782000
51;0.06551216;2.03;0.032272;3.5;2020-02-03 10:26:07.800000
51;0.06892144;2.065;0.033376;1.5;2020-02-03 10:26:08.826000
51;0.05941096;1.915;0.031024;3.5;2020-02-03 10:26:09.860000
51;0.05547696;1.995;0.027808;1.5;2020-02-03 10:26:10.883000
51;0.0571856;2.06;0.02776;2.5;2020-02-03 10:26:11.902000
51;0.04964136;1.955;0.025392;3.5;2020-02-03 10:26:12.912000
51;0.05155176;2.015;0.025584;3.5;2020-02-03 10:26:13.928000
51;0.0639352;1.715;0.03728;2.5;2020-02-03 10:26:16.955000
51;0.06411;1.875;0.034192;1.5;2020-02-03 10:26:17.984000
51;0.06718944;1.79;0.037536;3.5;2020-02-03 10:26:19.990000
51;0.065688;1.75;0.037536;1.5;2020-02-03 10:26:21.007000
51;0.05554528;1.81;0.030688;1.5;2020-02-03 10:26:23.035000
51;0.05486376;1.785;0.030736;2.5;2020-02-03 10:26:24.056000
50;0.06201288;1.935;0.032048;3.5;2020-02-03 10:26:25.077000
50;0.0582336;1.8;0.032352;3.5;2020-02-03 10:26:26.099000
50;0.05203296;1.78;0.029232;1.5;2020-02-03 10:26:27.119000
50;0.04974592;1.735;0.028672;1.5;2020-02-03 10:26:28.140000
50;0.049912;1.7;0.02936;3.5;2020-02-03 10:26:29.167000
50;0.04523184;1.555;0.029088;1.5;2020-02-03 10:26:30.188000
50;0.0450984;1.725;0.026144;2.5;2020-02-03 10:26:31.209000
50;0.04845512;1.645;0.029456;3.5;2020-02-03 10:26:32.230000
50;0.0457248;1.65;0.027712;2.5;2020-02-03 10:26:33.251000
50;0.04327584;1.83;0.023648;3.5;2020-02-03 10:26:34.279000
50;0.04015056;1.795;0.022368;2.5;2020-02-03 10:26:35.315000
50;0.04680832;1.885;0.024832;3.5;2020-02-03 10:26:36.337000
50;0.04749264;1.77;0.026832;3.5;2020-02-03 10:26:37.358000
51;0.05011552;1.82;0.027536;1.5;2020-02-03 10:26:38.379000
51;0.04684856;1.915;0.024464;2.5;2020-02-03 10:26:39.405000
51;0.04374784;1.84;0.023776;2.5;2020-02-03 10:26:40.442000
50;0.05271904;1.87;0.028192;1.5;2020-02-03 10:26:41.463000
50;0.05394112;1.78;0.030304;1.5;2020-02-03 10:26:42.483000
50;0.052136;1.715;0.0304;3.5;2020-02-03 10:26:43.504000
50;0.05182792;1.735;0.029872;1.5;2020-02-03 10:26:44.524000
50;0.04676;1.67;0.028;1.5;2020-02-03 10:26:45.537000
50;0.04932224;1.705;0.028928;1.5;2020-02-03 10:26:46.573000
50;0.04955056;1.81;0.027376;2.5;2020-02-03 10:26:47.610000
50;0.04882896;1.905;0.025632;1.5;2020-02-03 10:26:48.615000
50;0.05014864;1.79;0.028016;1.5;2020-02-03 10:26:49.636000
50;0.05068448;1.87;0.027104;3.5;2020-02-03 10:26:50.656000
50;0.05070488;1.955;0.025936;3.5;2020-02-03 10:26:52.720000
50;0.04513216;1.94;0.023264;2.5;2020-02-03 10:26:53.741000
51;0.04342224;1.83;0.023728;3.5;2020-02-03 10:26:54.762000
51;0.04903888;1.87;0.026224;1.5;2020-02-03 10:26:55.783000
51;0.05171264;1.94;0.026656;1.5;2020-02-03 10:26:56.810000
51;0.04730352;1.87;0.025296;3.5;2020-02-03 10:26:57.831000
51;0.04377816;1.845;0.023728;1.5;2020-02-03 10:26:58.851000
52;0.04656776;1.765;0.026384;1.5;2020-02-03 10:26:59.870000
51;0.04736336;1.87;0.025328;2.5;2020-02-03 10:27:01.916000
52;0.05594752;2.005;0.027904;2.5;2020-02-03 10:27:02.953000
52;0.05784896;2.045;0.028288;1.5;2020-02-03 10:27:03.975000
52;0.06686472;1.885;0.035472;1.5;2020-02-03 10:27:04.997000
52;0.0654312;1.99;0.03288;2.5;2020-02-03 10:27:06.017000
52;0.05522296;1.885;0.029296;2.5;2020-02-03 10:27:07.045000
52;0.05343744;1.96;0.027264;3.5;2020-02-03 10:27:08.082000
53;0.04614672;1.905;0.024224;3.5;2020-02-03 10:27:09.102000
53;0.04531168;1.78;0.025456;3.5;2020-02-03 10:27:10.124000
53;0.0547896;1.85;0.029616;3.5;2020-02-03 10:27:11.145000
53;0.05237824;1.835;0.028544;3.5;2020-02-03 10:27:12.173000
53;0.05126352;1.995;0.025696;3.5;2020-02-03 10:27:13.209000
53;0.0477584;1.9;0.025136;2.5;2020-02-03 10:27:14.230000
53;0.04960032;1.815;0.027328;2.5;2020-02-03 10:27:15.251000
53;0.05374072;1.765;0.030448;3.5;2020-02-03 10:27:18.297000
53;0.04851136;1.655;0.029312;2.5;2020-02-03 10:27:19.310000
53;0.05295968;1.795;0.029504;1.5;2020-02-03 10:27:20.347000
53;0.04805184;1.74;0.027616;3.5;2020-02-03 10:27:23.394000
52;0.056368;1.625;0.034688;2.5;2020-02-03 10:27:24.414000
52;0.05049528;1.705;0.029616;2.5;2020-02-03 10:27:25.436000
52;0.05144832;1.68;0.030624;2.5;2020-02-03 10:27:26.464000
52;0.04576752;1.665;0.027488;1.5;2020-02-03 10:27:27.484000
52;0.04782048;1.635;0.029248;2.5;2020-02-03 10:27:28.490000
52;0.04664304;1.77;0.026352;3.5;2020-02-03 10:27:30.515000
52;0.04736144;1.715;0.027616;2.5;2020-02-03 10:27:31.536000
52;0.04391288;1.795;0.024464;1.5;2020-02-03 10:27:32.557000
52;0.05588136;1.845;0.030288;3.5;2020-02-03 10:27:33.584000
52;0.0568568;1.775;0.032032;1.5;2020-02-03 10:27:34.621000
51;0.04718112;1.77;0.026656;2.5;2020-02-03 10:27:35.642000
51;0.05516;1.75;0.03152;3.5;2020-02-03 10:27:36.663000
51;0.0513128;1.87;0.02744;1.5;2020-02-03 10:27:37.684000
51;0.05514;1.875;0.029408;1.5;2020-02-03 10:27:38.711000
51;0.05466432;2.005;0.027264;2.5;2020-02-03 10:27:39.748000
51;0.05189616;1.845;0.028128;3.5;2020-02-03 10:27:40.769000
51;0.0499896;1.965;0.02544;2.5;2020-02-03 10:27:41.790000
51;0.05700576;1.785;0.031936;1.5;2020-02-03 10:27:44.818000
51;0.05691008;1.73;0.032896;2.5;2020-02-03 10:27:45.838000
51;0.06083808;1.905;0.031936;1.5;2020-02-03 10:27:46.865000
51;0.0567528;1.95;0.029104;2.5;2020-02-03 10:27:47.886000
51;0.05182144;1.87;0.027712;2.5;2020-02-03 10:27:48.907000
52;0.05736336;1.905;0.030112;2.5;2020-02-03 10:27:49.928000
52;0.05071936;1.94;0.026144;2.5;2020-02-03 10:27:50.948000
52;0.0536504;1.99;0.02696;3.5;2020-02-03 10:27:51.975000
52;0.04954752;1.87;0.026496;3.5;2020-02-03 10:27:53.012000
52;0.04857424;1.93;0.025168;2.5;2020-02-03 10:27:54.033000
52;0.0555212;1.975;0.028112;3.5;2020-02-03 10:27:55.054000
52;0.0512616;1.95;0.026288;3.5;2020-02-03 10:27:56.074000
52;0.0611064;2.05;0.029808;2.5;2020-02-03 10:27:57.101000
52;0.0600264;1.89;0.03176;2.5;2020-02-03 10:27:58.137000
52;0.05356416;1.74;0.030784;2.5;2020-02-03 10:27:59.159000
52;0.05573824;1.88;0.029648;1.5;2020-02-03 10:28:00.179000
52;0.0597792;1.95;0.030656;1.5;2020-02-03 10:28:01.200000
52;0.04917;1.875;0.026224;3.5;2020-02-03 10:28:02.219000
52;0.0529008;2.06;0.02568;2.5;2020-02-03 10:28:03.231000
52;0.05540216;2.005;0.027632;2.5;2020-02-03 10:28:04.267000
52;0.05727192;1.905;0.030064;3.5;2020-02-03 10:28:05.287000
52;0.05625504;1.915;0.029376;3.5;2020-02-03 10:28:06.308000
52;0.06212592;1.97;0.031536;2.5;2020-02-03 10:28:07.329000
52;0.05803584;1.81;0.032064;2.5;2020-02-03 10:28:08.357000
52;0.064184;1.775;0.03616;2.5;2020-02-03 10:28:09.378000
52;0.05866224;1.785;0.032864;3.5;2020-02-03 10:28:11.402000
51;0.0532224;1.8;0.029568;3.5;2020-02-03 10:28:12.424000
51;0.05285256;1.745;0.030288;1.5;2020-02-03 10:28:13.444000
51;0.05516016;1.705;0.032352;2.5;2020-02-03 10:28:14.465000
51;0.05037552;1.69;0.029808;3.5;2020-02-03 10:28:15.491000
51;0.0515424;1.82;0.02832;1.5;2020-02-03 10:28:16.528000
51;0.04926608;1.835;0.026848;2.5;2020-02-03 10:28:17.550000
51;0.054528;1.92;0.0284;1.5;2020-02-03 10:28:18.570000
51;0.04809216;1.86;0.025856;3.5;2020-02-03 10:28:19.591000
51;0.0502656;1.925;0.026112;1.5;2020-02-03 10:28:20.619000
51;0.0503888;1.925;0.026176;1.5;2020-02-03 10:28:21.655000
51;0.05452872;1.905;0.028624;3.5;2020-02-03 10:28:22.676000
51;0.05311344;1.955;0.027168;3.5;2020-02-03 10:28:23.697000
51;0.0530048;2.02;0.02624;2.5;2020-02-03 10:28:24.717000
51;0.0520452;1.975;0.026352;3.5;2020-02-03 10:28:25.737000
51;0.0543756;2.005;0.02712;2.5;2020-02-03 10:28:26.749000
51;0.05877512;1.955;0.030064;1.5;2020-02-03 10:28:27.785000
51;0.0566412;1.925;0.029424;2.5;2020-02-03 10:28:30.815000
51;0.05819616;1.98;0.029392;2.5;2020-02-03 10:28:31.836000
51;0.052822;1.925;0.02744;3.5;2020-02-03 10:28:32.857000
51;0.05074944;1.92;0.026432;3.5;2020-02-03 10:28:33.884000
52;0.05048784;1.885;0.026784;3.5;2020-02-03 10:28:34.921000
52;0.0556552;1.825;0.030496;1.5;2020-02-03 10:28:35.942000
52;0.05254032;1.995;0.026336;1.5;2020-02-03 10:28:36.964000
51;0.0571012;1.975;0.028912;3.5;2020-02-03 10:28:37.984000
51;0.04877392;1.79;0.027248;3.5;2020-02-03 10:28:39.011000
51;0.05487328;1.87;0.029344;3.5;2020-02-03 10:28:40.048000
51;0.0553052;1.805;0.03064;2.5;2020-02-03 10:28:41.068000
51;0.0530216;1.91;0.02776;2.5;2020-02-03 10:28:42.089000
51;0.05281248;2.03;0.026016;2.5;2020-02-03 10:28:43.109000
51;0.05573448;2.115;0.026352;1.5;2020-02-03 10:28:44.136000
51;0.05955712;1.955;0.030464;3.5;2020-02-03 10:28:45.173000
51;0.0508116;1.725;0.029456;3.5;2020-02-03 10:28:46.194000
51;0.05031296;1.84;0.027344;1.5;2020-02-03 10:28:47.215000
51;0.05611384;1.805;0.031088;3.5;2020-02-03 10:28:48.235000
51;0.0565308;1.845;0.03064;1.5;2020-02-03 10:28:49.256000
51;0.0510064;1.775;0.028736;3.5;2020-02-03 10:28:50.267000
51;0.0584264;1.835;0.03184;3.5;2020-02-03 10:28:51.303000
50;0.0526752;1.86;0.02832;1.5;2020-02-03 10:28:54.334000
50;0.05227992;1.845;0.028336;2.5;2020-02-03 10:28:55.355000
50;0.04851232;2.02;0.024016;2.5;2020-02-03 10:28:56.376000
50;0.047872;1.87;0.0256;2.5;2020-02-03 10:28:57.401000
50;0.04874944;1.805;0.027008;1.5;2020-02-03 10:28:58.437000
50;0.04340488;1.765;0.024592;2.5;2020-02-03 10:28:59.458000
50;0.04737096;1.755;0.026992;2.5;2020-02-03 10:29:00.478000
50;0.04866336;1.83;0.026592;2.5;2020-02-03 10:29:01.499000
51;0.05115032;1.795;0.028496;3.5;2020-02-03 10:29:02.526000
51;0.0487152;1.7;0.028656;1.5;2020-02-03 10:29:03.563000
52;0.0482848;1.58;0.03056;2.5;2020-02-03 10:29:04.583000
51;0.04235712;1.56;0.027152;2.5;2020-02-03 10:29:05.604000
51;0.03973984;1.57;0.025312;2.5;2020-02-03 10:29:06.626000
50;0.04276872;1.555;0.027504;2.5;2020-02-03 10:29:07.653000
50;0.04269296;1.63;0.026192;2.5;2020-02-03 10:29:08.690000
50;0.0477264;1.63;0.02928;3.5;2020-02-03 10:29:09.711000
50;0.04619888;1.67;0.027664;2.5;2020-02-03 10:29:10.732000
50;0.04663704;1.585;0.029424;2.5;2020-02-03 10:29:11.753000
50;0.0507408;1.705;0.02976;1.5;2020-02-03 10:29:12.773000
50;0.050616;1.71;0.0296;3.5;2020-02-03 10:29:13.785000
51;0.05211248;1.61;0.032368;2.5;2020-02-03 10:29:14.821000
51;0.05181696;1.73;0.029952;2.5;2020-02-03 10:29:17.869000
52;0.05160856;1.805;0.028592;3.5;2020-02-03 10:29:18.888000
52;0.045158;1.685;0.0268;2.5;2020-02-03 10:29:19.915000
52;0.04871104;1.66;0.029344;1.5;2020-02-03 10:29:20.950000
52;0.0593232;1.7;0.034896;2.5;2020-02-03 10:29:21.972000
52;0.0565536;1.72;0.03288;2.5;2020-02-03 10:29:22.992000
52;0.0562764;1.725;0.032624;3.5;2020-02-03 10:29:24.013000
51;0.05845424;1.79;0.032656;2.5;2020-02-03 10:29:25.041000
51;0.0577404;1.865;0.03096;3.5;2020-02-03 10:29:26.078000
51;0.05420216;1.915;0.028304;3.5;2020-02-03 10:29:27.099000
51;0.0469944;1.83;0.02568;1.5;2020-02-03 10:29:28.120000
51;0.04836992;1.84;0.026288;2.5;2020-02-03 10:29:29.142000
51;0.0501296;1.94;0.02584;3.5;2020-02-03 10:29:30.168000
51;0.04152896;1.87;0.022208;3.5;2020-02-03 10:29:31.204000
51;0.04807088;1.91;0.025168;2.5;2020-02-03 10:29:32.225000
50;0.0509496;1.95;0.026128;3.5;2020-02-03 10:29:33.246000
50;0.050836;1.79;0.0284;1.5;2020-02-03 10:29:34.266000
50;0.0497284;1.775;0.028016;1.5;2020-02-03 10:29:35.293000
50;0.04688992;1.73;0.027104;3.5;2020-02-03 10:29:36.330000
50;0.0471888;1.74;0.02712;3.5;2020-02-03 10:29:37.351000
50;0.0607392;1.9;0.031968;1.5;2020-02-03 10:29:38.373000
50;0.05004904;1.805;0.027728;1.5;2020-02-03 10:29:39.409000
50;0.0518888;1.85;0.028048;3.5;2020-02-03 10:29:40.420000
50;0.04898288;1.945;0.025184;3.5;2020-02-03 10:29:41.457000
50;0.04442256;1.89;0.023504;2.5;2020-02-03 10:29:42.478000
50;0.045298;1.775;0.02552;2.5;2020-02-03 10:29:43.513000
50;0.04265016;1.855;0.022992;3.5;2020-02-03 10:29:44.533000
50;0.04206576;1.705;0.024672;2.5;2020-02-03 10:29:45.545000
50;0.04731008;1.84;0.025712;2.5;2020-02-03 10:29:46.597000
50;0.04336512;1.84;0.023568;1.5;2020-02-03 10:29:47.634000
50;0.049504;1.82;0.0272;1.5;2020-02-03 10:29:48.655000
50;0.04181496;1.685;0.024816;2.5;2020-02-03 10:29:49.666000
51;0.05037;1.825;0.0276;1.5;2020-02-03 10:29:50.687000
52;0.04221568;1.72;0.024544;2.5;2020-02-03 10:29:52.713000
51;0.04015168;1.72;0.023344;1.5;2020-02-03 10:29:53.733000
51;0.04024448;1.84;0.021872;1.5;2020-02-03 10:29:54.754000
51;0.042716;1.81;0.0236;3.5;2020-02-03 10:29:55.775000
50;0.04049616;1.765;0.022944;3.5;2020-02-03 10:29:56.802000
50;0.0379216;1.73;0.02192;1.5;2020-02-03 10:29:57.837000
51;0.04155624;1.815;0.022896;1.5;2020-02-03 10:29:58.859000
51;0.0414048;1.9;0.021792;1.5;2020-02-03 10:29:59.879000
51;0.03536624;1.735;0.020384;1.5;2020-02-03 10:30:00.899000
51;0.04065984;1.56;0.026064;1.5;2020-02-03 10:30:01.926000
51;0.04413696;1.68;0.026272;2.5;2020-02-03 10:30:02.963000
51;0.04324992;1.68;0.025744;3.5;2020-02-03 10:30:03.984000
51;0.04511872;1.745;0.025856;2.5;2020-02-03 10:30:05.006000
50;0.05527336;1.895;0.029168;1.5;2020-02-03 10:30:06.026000
50;0.0497664;1.8;0.027648;3.5;2020-02-03 10:30:09.058000
50;0.05183208;1.865;0.027792;3.5;2020-02-03 10:30:10.070000
50;0.05218304;1.82;0.028672;3.5;2020-02-03 10:30:11.121000
50;0.05105648;1.81;0.028208;2.5;2020-02-03 10:30:12.158000
50;0.05969808;1.755;0.034016;1.5;2020-02-03 10:30:13.179000
50;0.05537792;1.69;0.032768;3.5;2020-02-03 10:30:14.191000
49;0.0580704;1.725;0.033664;1.5;2020-02-03 10:30:15.228000
49;0.05904832;1.795;0.032896;1.5;2020-02-03 10:30:16.249000
49;0.05628;1.875;0.030016;3.5;2020-02-03 10:30:17.270000
49;0.0574056;1.785;0.03216;3.5;2020-02-03 10:30:18.291000
49;0.05201152;1.76;0.029552;2.5;2020-02-03 10:30:19.312000
49;0.04660992;1.68;0.027744;1.5;2020-02-03 10:30:20.340000
49;0.05184464;1.73;0.029968;1.5;2020-02-03 10:30:21.361000
49;0.04851392;1.715;0.028288;3.5;2020-02-03 10:30:22.382000
49;0.05156824;1.745;0.029552;3.5;2020-02-03 10:30:23.402000
49;0.04859136;1.71;0.028416;1.5;2020-02-03 10:30:24.424000
49;0.0459816;1.785;0.02576;2.5;2020-02-03 10:30:25.451000
49;0.0436948;1.745;0.02504;2.5;2020-02-03 10:30:26.488000
49;0.04472864;1.94;0.023056;3.5;2020-02-03 10:30:27.509000
50;0.04533408;1.98;0.022896;2.5;2020-02-03 10:30:28.530000
50;0.0490176;1.84;0.02664;2.5;2020-02-03 10:30:29.551000
51;0.0432288;1.9;0.022752;3.5;2020-02-03 10:30:30.578000
51;0.0433992;1.95;0.022256;2.5;2020-02-03 10:30:31.615000
50;0.056416;2.0;0.028208;3.5;2020-02-03 10:30:32.636000
50;0.04820112;1.87;0.025776;1.5;2020-02-03 10:30:33.657000
50;0.0573196;1.825;0.031408;1.5;2020-02-03 10:30:34.699000
50;0.05630944;1.87;0.030112;3.5;2020-02-03 10:30:35.736000
50;0.05855304;1.915;0.030576;1.5;2020-02-03 10:30:36.757000
50;0.05521824;1.89;0.029216;3.5;2020-02-03 10:30:37.779000
50;0.05262312;1.705;0.030864;3.5;2020-02-03 10:30:38.800000
50;0.05112288;1.83;0.027936;3.5;2020-02-03 10:30:39.827000
50;0.055902;1.815;0.0308;2.5;2020-02-03 10:30:41.876000
51;0.05241984;1.87;0.028032;1.5;2020-02-03 10:30:42.897000
51;0.05055424;1.72;0.029392;1.5;2020-02-03 10:30:43.918000
52;0.049;1.75;0.028;1.5;2020-02-03 10:30:44.940000
52;0.04480224;1.695;0.026432;2.5;2020-02-03 10:30:45.976000
52;0.04745;1.825;0.026;2.5;2020-02-03 10:30:46.990000
52;0.045836;1.75;0.026192;3.5;2020-02-03 10:30:48.026000
53;0.0456192;1.8;0.025344;2.5;2020-02-03 10:30:49.047000
53;0.05162976;1.97;0.026208;3.5;2020-02-03 10:30:50.068000
53;0.04814128;1.87;0.025744;3.5;2020-02-03 10:30:51.089000
53;0.04820512;1.94;0.024848;1.5;2020-02-03 10:30:52.116000
54;0.04932936;1.965;0.025104;3.5;2020-02-03 10:30:53.153000
54;0.05441312;1.94;0.028048;3.5;2020-02-03 10:30:54.172000
54;0.05916;1.875;0.031552;1.5;2020-02-03 10:30:55.191000
54;0.0479108;1.775;0.026992;2.5;2020-02-03 10:30:56.212000
54;0.04897248;1.835;0.026688;1.5;2020-02-03 10:30:57.239000
