I,F,G,A,H,T,R,N
314591,"[0.593999981880188, [['314591', 1.0]]]","['Male', 0.9070000052452087]","[42L, 0.6660000085830688]","[164.6999969482422, 0.07999999821186066]","['19:32:55', '3', '16', 'September', '2009']",1,1
1019107402,"[0.6800000071525574, [['1019107402', 1.0], ['314591', 0.0]]]","['Male', 0.8880000114440918]","[25L, 0.5]","[170.6999969482422, 0.07999999821186066]","['20:21:37', '3', '16', 'September', '2009']",1,2
314591,"[0.5860000252723694, [['314591', 0.7480000257492065], ['1019107402', 0.04699999839067459]]]","['Male', 0.6769999861717224]","[32L, 0.6660000085830688]","[169.10000610351562, 0.07999999821186066]","['19:45:13', '3', '16', 'September', '2009']",0,3
2964414,"[0.527999997138977, [['2964414', 1.0], ['314591', 0.11599999666213989], ['1019107402', 0.03999999910593033]]]","['Male', 1.0]","[53L, 0.5]","[160.8000030517578, 0.07999999821186066]","['19:55:46', '3', '16', 'September', '2009']",1,4
2964414,"[9.999999974752427e-07, [['1019107402', 0.3330000042915344], ['2964414', 0.3330000042915344], ['314591', 0.3330000042915344]]]","['Female', 0.5]","[35L, 0L]","[183.1999969482422, 0.07999999821186066]","['20:04:54', '3', '16', 'September', '2009']",0,5
2964414,"[9.999999974752427e-07, [['1019107402', 0.3330000042915344], ['2964414', 0.3330000042915344], ['314591', 0.3330000042915344]]]","['Female', 0.5]","[35L, 0L]","[161.60000610351562, 0.07999999821186066]","['20:09:14', '3', '16', 'September', '2009']",0,6
2964414,"[9.999999974752427e-07, [['1019107402', 0.3330000042915344], ['2964414', 0.3330000042915344], ['314591', 0.3330000042915344]]]","['Female', 0.5]","[35L, 0L]","[154.6999969482422, 0.07999999821186066]","['19:10:46', '3', '16', 'September', '2009']",0,7
314591,"[0.5249999761581421, [['314591', 0.9760000109672546], ['2964414', 0.06599999964237213], ['1019107402', 0.0]]]","['Male', 0.9390000104904175]","[31L, 0.5]","[168.1999969482422, 0.07999999821186066]","['19:36:34', '3', '16', 'September', '2009']",0,8
314591,"[0.5550000071525574, [['2964414', 0.10899999737739563], ['314591', 0.0], ['1019107402', 0.0]]]","['Male', 1.0]","[13L, 0.125]","[161.3000030517578, 0.07999999821186066]","['19:47:42', '3', '16', 'September', '2009']",0,9
314591,"[9.999999974752427e-07, [['1019107402', 0.3330000042915344], ['2964414', 0.3330000042915344], ['314591', 0.3330000042915344]]]","['Female', 0.5]","[35L, 0L]","[158.6999969482422, 0.07999999821186066]","['19:50:39', '3', '16', 'September', '2009']",0,10
9515830,"[9.999999974752427e-07, [['1019107402', 0.3330000042915344], ['2964414', 0.3330000042915344], ['314591', 0.3330000042915344]]]","['Female', 0.5]","[35L, 0L]","[168.10000610351562, 0.07999999821186066]","['19:30:35', '3', '16', 'September', '2009']",1,11
9515830,"[9.999999974752427e-07, [['1019107402', 0.3330000042915344], ['2964414', 0.3330000042915344], ['314591', 0.3330000042915344]]]","['Female', 0.5]","[35L, 0L]","[169.6999969482422, 0.07999999821186066]","['19:34:49', '3', '16', 'September', '2009']",0,12
9515830,"[9.999999974752427e-07, [['1019107402', 0.3330000042915344], ['2964414', 0.3330000042915344], ['314591', 0.3330000042915344]]]","['Female', 0.5]","[35L, 0L]","[170.10000610351562, 0.07999999821186066]","['19:38:29', '3', '16', 'September', '2009']",0,13
9515830,"[9.999999974752427e-07, [['1019107402', 0.3330000042915344], ['2964414', 0.3330000042915344], ['314591', 0.3330000042915344]]]","['Female', 0.5]","[35L, 0L]","[156.0, 0.07999999821186066]","['19:43:04', '3', '16', 'September', '2009']",0,14
9515830,"[9.999999974752427e-07, [['1019107402', 0.3330000042915344], ['2964414', 0.3330000042915344], ['314591', 0.3330000042915344]]]","['Female', 0.5]","[35L, 0L]","[172.5, 0.07999999821186066]","['19:45:40', '3', '16', 'September', '2009']",0,15
1052411482,"[0.6510000228881836, [['1052411482', 1.0], ['2964414', 0.1940000057220459], ['314591', 0.10000000149011612], ['1019107402', 0.06800000369548798]]]","['Female', 0.8159999847412109]","[20L, 1.0]","[180.10000610351562, 0.07999999821186066]","['20:04:13', '3', '16', 'September', '2009']",1,16
1052411482,"[9.999999974752427e-07, [['1019107402', 0.25], ['1052411482', 0.25], ['2964414', 0.25], ['314591', 0.25]]]","['Female', 0.5]","[35L, 0L]","[175.39999389648438, 0.07999999821186066]","['20:10:11', '3', '16', 'September', '2009']",0,17
2964414,"[9.999999974752427e-07, [['1019107402', 0.25], ['1052411482', 0.25], ['2964414', 0.25], ['314591', 0.25]]]","['Female', 0.5]","[35L, 0L]","[179.60000610351562, 0.07999999821186066]","['20:27:33', '3', '16', 'September', '2009']",0,18
2964414,"[9.999999974752427e-07, [['1019107402', 0.25], ['1052411482', 0.25], ['2964414', 0.25], ['314591', 0.25]]]","['Female', 0.5]","[35L, 0L]","[169.5, 0.07999999821186066]","['20:33:42', '3', '16', 'September', '2009']",0,19
2964414,"[9.999999974752427e-07, [['1019107402', 0.25], ['1052411482', 0.25], ['2964414', 0.25], ['314591', 0.25]]]","['Female', 0.5]","[35L, 0L]","[166.89999389648438, 0.07999999821186066]","['20:43:57', '3', '16', 'September', '2009']",0,20
1052411482,"[0.7450000047683716, [['1052411482', 0.9729999899864197], ['314591', 0.2070000022649765], ['2964414', 0.14800000190734863], ['1019107402', 0.0729999989271164]]]","['Female', 0.6579999923706055]","[21L, 1.0]","[175.10000610351562, 0.07999999821186066]","['21:08:46', '3', '16', 'September', '2009']",0,21
1052411482,"[0.7480000257492065, [['1052411482', 1.0], ['314591', 0.12800000607967377], ['2964414', 0.125], ['1019107402', 0.0860000029206276]]]","['Female', 0.734000027179718]","[19L, 1.0]","[162.5, 0.07999999821186066]","['21:10:53', '3', '16', 'September', '2009']",0,22
1052411482,"[9.999999974752427e-07, [['1019107402', 0.25], ['1052411482', 0.25], ['2964414', 0.25], ['314591', 0.25]]]","['Female', 0.5]","[35L, 0L]","[150.5, 0.07999999821186066]","['19:37:29', '3', '16', 'September', '2009']",0,23
1052411482,"[9.999999974752427e-07, [['1019107402', 0.25], ['1052411482', 0.25], ['2964414', 0.25], ['314591', 0.25]]]","['Female', 0.5]","[35L, 0L]","[162.3000030517578, 0.07999999821186066]","['19:40:12', '3', '16', 'September', '2009']",0,24
79397631,"[0.5910000205039978, [['79397631', 1.0], ['1052411482', 0.16899999976158142], ['2964414', 0.07800000160932541], ['314591', 0.06800000369548798], ['1019107402', 0.00800000037997961]]]","['Male', 1.0]","[69L, 0.6660000085830688]","[159.89999389648438, 0.07999999821186066]","['19:20:59', '3', '16', 'September', '2009']",1,25
20947316,"[0.6039999723434448, [['20947316', 1.0], ['79397631', 0.11299999803304672], ['1052411482', 0.0860000029206276], ['2964414', 0.06599999964237213], ['314591', 0.009999999776482582], ['1019107402', 0.0]]]","['Male', 0.5619999766349792]","[58L, 0.125]","[169.60000610351562, 0.07999999821186066]","['21:22:28', '3', '16', 'September', '2009']",1,26
80431643,"[0.6439999938011169, [['80431643', 1.0], ['2964414', 0.32899999618530273], ['1052411482', 0.17299999296665192], ['1019107402', 0.12700000405311584], ['314591', 0.1080000028014183], ['79397631', 0.0989999994635582], ['20947316', 0.0]]]","['Male', 0.7699999809265137]","[35L, 0.5]","[199.5, 0.07999999821186066]","['22:23:05', '3', '16', 'September', '2009']",1,27
3014218,"[0.7490000128746033, [['3014218', 1.0], ['314591', 0.16699999570846558], ['2964414', 0.1589999943971634], ['80431643', 0.10300000011920929], ['79397631', 0.09300000220537186], ['1019107402', 0.0820000022649765], ['1052411482', 0.0689999982714653], ['20947316', 0.0]]]","['Male', 0.8289999961853027]","[65L, 0.5]","[164.6999969482422, 0.07999999821186066]","['01:23:18', '4', '17', 'September', '2009']",1,28
1032480996,"[9.999999974752427e-07, [['1019107402', 0.125], ['1052411482', 0.125], ['20947316', 0.125], ['2964414', 0.125], ['3014218', 0.125], ['314591', 0.125], ['79397631', 0.125], ['80431643', 0.125]]]","['Female', 0.5]","[35L, 0L]","[163.10000610351562, 0.07999999821186066]","['19:10:15', '3', '16', 'September', '2009']",1,29
1032480996,"[9.999999974752427e-07, [['1019107402', 0.125], ['1052411482', 0.125], ['20947316', 0.125], ['2964414', 0.125], ['3014218', 0.125], ['314591', 0.125], ['79397631', 0.125], ['80431643', 0.125]]]","['Female', 0.5]","[35L, 0L]","[177.1999969482422, 0.07999999821186066]","['19:17:15', '3', '16', 'September', '2009']",0,30
1032480996,"[9.999999974752427e-07, [['1019107402', 0.125], ['1052411482', 0.125], ['20947316', 0.125], ['2964414', 0.125], ['3014218', 0.125], ['314591', 0.125], ['79397631', 0.125], ['80431643', 0.125]]]","['Female', 0.5]","[35L, 0L]","[171.6999969482422, 0.07999999821186066]","['19:20:19', '3', '16', 'September', '2009']",0,31
9515830,"[9.999999974752427e-07, [['1019107402', 0.125], ['1052411482', 0.125], ['20947316', 0.125], ['2964414', 0.125], ['3014218', 0.125], ['314591', 0.125], ['79397631', 0.125], ['80431643', 0.125]]]","['Female', 0.5]","[35L, 0L]","[165.0, 0.07999999821186066]","['19:44:23', '3', '16', 'September', '2009']",0,32
9496683,"[9.999999974752427e-07, [['1019107402', 0.125], ['1052411482', 0.125], ['20947316', 0.125], ['2964414', 0.125], ['3014218', 0.125], ['314591', 0.125], ['79397631', 0.125], ['80431643', 0.125]]]","['Female', 0.5]","[35L, 0L]","[163.1999969482422, 0.07999999821186066]","['19:21:08', '3', '16', 'September', '2009']",1,33
314591,"[9.999999974752427e-07, [['1019107402', 0.125], ['1052411482', 0.125], ['20947316', 0.125], ['2964414', 0.125], ['3014218', 0.125], ['314591', 0.125], ['79397631', 0.125], ['80431643', 0.125]]]","['Female', 0.5]","[35L, 0L]","[152.6999969482422, 0.07999999821186066]","['19:11:34', '3', '16', 'September', '2009']",0,34
79397631,"[0.5640000104904175, [['79397631', 0.7599999904632568], ['3014218', 0.18199999630451202], ['1052411482', 0.16099999845027924], ['2964414', 0.15600000321865082], ['80431643', 0.14100000262260437], ['1019107402', 0.08699999749660492], ['20947316', 0.05999999865889549], ['314591', 0.0560000017285347]]]","['Male', 0.8949999809265137]","[59L, 0.3330000042915344]","[161.5, 0.07999999821186066]","['20:13:27', '3', '16', 'September', '2009']",0,35
79397631,"[0.5220000147819519, [['2964414', 0.13899999856948853], ['79397631', 0.11100000143051147], ['3014218', 0.10999999940395355], ['1052411482', 0.08900000154972076], ['314591', 0.07500000298023224], ['80431643', 0.06700000166893005], ['1019107402', 0.02199999988079071], ['20947316', 0.0]]]","['Male', 0.9089999794960022]","[74L, 0.6660000085830688]","[159.10000610351562, 0.07999999821186066]","['20:17:20', '3', '16', 'September', '2009']",0,36
1019107402,"[9.999999974752427e-07, [['1019107402', 0.125], ['1052411482', 0.125], ['20947316', 0.125], ['2964414', 0.125], ['3014218', 0.125], ['314591', 0.125], ['79397631', 0.125], ['80431643', 0.125]]]","['Female', 0.5]","[35L, 0L]","[164.1999969482422, 0.07999999821186066]","['21:15:26', '3', '16', 'September', '2009']",0,37
3014208,"[9.999999974752427e-07, [['1019107402', 0.125], ['1052411482', 0.125], ['20947316', 0.125], ['2964414', 0.125], ['3014218', 0.125], ['314591', 0.125], ['79397631', 0.125], ['80431643', 0.125]]]","['Female', 0.5]","[35L, 0L]","[167.60000610351562, 0.07999999821186066]","['19:28:36', '3', '16', 'September', '2009']",1,38
314591,"[9.999999974752427e-07, [['1019107402', 0.125], ['1052411482', 0.125], ['20947316', 0.125], ['2964414', 0.125], ['3014218', 0.125], ['314591', 0.125], ['79397631', 0.125], ['80431643', 0.125]]]","['Female', 0.5]","[35L, 0L]","[171.60000610351562, 0.07999999821186066]","['19:31:10', '3', '16', 'September', '2009']",0,39
314591,"[9.999999974752427e-07, [['1019107402', 0.125], ['1052411482', 0.125], ['20947316', 0.125], ['2964414', 0.125], ['3014218', 0.125], ['314591', 0.125], ['79397631', 0.125], ['80431643', 0.125]]]","['Female', 0.5]","[35L, 0L]","[166.5, 0.07999999821186066]","['19:36:13', '3', '16', 'September', '2009']",0,40
314591,"[9.999999974752427e-07, [['1019107402', 0.125], ['1052411482', 0.125], ['20947316', 0.125], ['2964414', 0.125], ['3014218', 0.125], ['314591', 0.125], ['79397631', 0.125], ['80431643', 0.125]]]","['Female', 0.5]","[35L, 0L]","[173.60000610351562, 0.07999999821186066]","['19:40:41', '3', '16', 'September', '2009']",0,41
314591,"[9.999999974752427e-07, [['1019107402', 0.125], ['1052411482', 0.125], ['20947316', 0.125], ['2964414', 0.125], ['3014218', 0.125], ['314591', 0.125], ['79397631', 0.125], ['80431643', 0.125]]]","['Female', 0.5]","[35L, 0L]","[165.0, 0.07999999821186066]","['19:43:12', '3', '16', 'September', '2009']",0,42
1052411482,"[0.6690000295639038, [['1052411482', 0.824999988079071], ['79397631', 0.29600000381469727], ['314591', 0.18400000035762787], ['80431643', 0.10700000077486038], ['2964414', 0.08500000089406967], ['20947316', 0.08399999886751175], ['1019107402', 0.050999999046325684], ['3014218', 0.0]]]","['Female', 0.5860000252723694]","[20L, 0.6660000085830688]","[158.5, 0.07999999821186066]","['20:07:17', '3', '16', 'September', '2009']",0,43
1052411482,"[0.7649999856948853, [['1052411482', 0.8859999775886536], ['79397631', 0.24199999868869781], ['80431643', 0.1809999942779541], ['2964414', 0.14499999582767487], ['314591', 0.13300000131130219], ['20947316', 0.08100000023841858], ['3014218', 0.07900000363588333], ['1019107402', 0.0]]]","['Female', 0.7149999737739563]","[24L, 0.6660000085830688]","[181.89999389648438, 0.07999999821186066]","['20:11:17', '3', '16', 'September', '2009']",0,44
20947316,"[9.999999974752427e-07, [['1019107402', 0.125], ['1052411482', 0.125], ['20947316', 0.125], ['2964414', 0.125], ['3014218', 0.125], ['314591', 0.125], ['79397631', 0.125], ['80431643', 0.125]]]","['Female', 0.5]","[35L, 0L]","[167.10000610351562, 0.07999999821186066]","['19:04:08', '3', '16', 'September', '2009']",0,45
9515830,"[0.5450000166893005, [['2964414', 0.3930000066757202], ['80431643', 0.3140000104904175], ['3014218', 0.22200000286102295], ['79397631', 0.20800000429153442], ['314591', 0.16599999368190765], ['1052411482', 0.0989999994635582], ['1019107402', 0.05999999865889549], ['20947316', 0.0]]]","['Male', 0.7519999742507935]","[65L, 0.5]","[167.60000610351562, 0.07999999821186066]","['19:12:44', '3', '16', 'September', '2009']",0,46
2964414,"[9.999999974752427e-07, [['1019107402', 0.11100000143051147], ['1052411482', 0.11100000143051147], ['20947316', 0.11100000143051147], ['2964414', 0.11100000143051147], ['3014218', 0.11100000143051147], ['314591', 0.11100000143051147], ['79397631', 0.11100000143051147], ['80431643', 0.11100000143051147], ['9515830', 0.11100000143051147]]]","['Female', 0.5]","[35L, 0L]","[160.1999969482422, 0.07999999821186066]","['20:18:14', '3', '16', 'September', '2009']",0,47
2964414,"[9.999999974752427e-07, [['1019107402', 0.11100000143051147], ['1052411482', 0.11100000143051147], ['20947316', 0.11100000143051147], ['2964414', 0.11100000143051147], ['3014218', 0.11100000143051147], ['314591', 0.11100000143051147], ['79397631', 0.11100000143051147], ['80431643', 0.11100000143051147], ['9515830', 0.11100000143051147]]]","['Female', 0.5]","[35L, 0L]","[180.10000610351562, 0.07999999821186066]","['20:26:36', '3', '16', 'September', '2009']",0,48
1052411482,"[0.5559999942779541, [['20947316', 0.34700000286102295], ['79397631', 0.19499999284744263], ['314591', 0.19099999964237213], ['2964414', 0.18799999356269836], ['1052411482', 0.18700000643730164], ['9515830', 0.07500000298023224], ['1019107402', 0.0], ['80431643', 0.0], ['3014218', 0.0]]]","['Male', 0.8190000057220459]","[61L, 0.16599999368190765]","[160.6999969482422, 0.07999999821186066]","['20:59:12', '3', '16', 'September', '2009']",0,49
9496683,"[9.999999974752427e-07, [['1019107402', 0.11100000143051147], ['1052411482', 0.11100000143051147], ['20947316', 0.11100000143051147], ['2964414', 0.11100000143051147], ['3014218', 0.11100000143051147], ['314591', 0.11100000143051147], ['79397631', 0.11100000143051147], ['80431643', 0.11100000143051147], ['9515830', 0.11100000143051147]]]","['Female', 0.5]","[35L, 0L]","[167.0, 0.07999999821186066]","['02:13:00', '4', '17', 'September', '2009']",0,50
79397631,"[9.999999974752427e-07, [['1019107402', 0.11100000143051147], ['1052411482', 0.11100000143051147], ['20947316', 0.11100000143051147], ['2964414', 0.11100000143051147], ['3014218', 0.11100000143051147], ['314591', 0.11100000143051147], ['79397631', 0.11100000143051147], ['80431643', 0.11100000143051147], ['9515830', 0.11100000143051147]]]","['Female', 0.5]","[35L, 0L]","[166.8000030517578, 0.07999999821186066]","['19:09:21', '3', '16', 'September', '2009']",0,51
20947316,"[9.999999974752427e-07, [['1019107402', 0.11100000143051147], ['1052411482', 0.11100000143051147], ['20947316', 0.11100000143051147], ['2964414', 0.11100000143051147], ['3014218', 0.11100000143051147], ['314591', 0.11100000143051147], ['79397631', 0.11100000143051147], ['80431643', 0.11100000143051147], ['9515830', 0.11100000143051147]]]","['Female', 0.5]","[35L, 0L]","[158.8000030517578, 0.07999999821186066]","['21:04:24', '3', '16', 'September', '2009']",0,52
792781074,"[9.999999974752427e-07, [['1019107402', 0.11100000143051147], ['1052411482', 0.11100000143051147], ['20947316', 0.11100000143051147], ['2964414', 0.11100000143051147], ['3014218', 0.11100000143051147], ['314591', 0.11100000143051147], ['79397631', 0.11100000143051147], ['80431643', 0.11100000143051147], ['9515830', 0.11100000143051147]]]","['Female', 0.5]","[35L, 0L]","[151.5, 0.07999999821186066]","['22:07:05', '3', '16', 'September', '2009']",1,53
3014218,"[0.6549999713897705, [['3014218', 0.6320000290870667], ['79397631', 0.24300000071525574], ['2964414', 0.23800000548362732], ['314591', 0.23000000417232513], ['9515830', 0.23000000417232513], ['1052411482', 0.10499999672174454], ['80431643', 0.08500000089406967], ['1019107402', 0.0], ['20947316', 0.0]]]","['Male', 1.0]","[65L, 0.4000000059604645]","[163.89999389648438, 0.07999999821186066]","['19:06:01', '3', '16', 'September', '2009']",0,54
9515830,"[0.6489999890327454, [['9515830', 0.9369999766349792], ['80431643', 0.35100001096725464], ['2964414', 0.2630000114440918], ['3014218', 0.17499999701976776], ['79397631', 0.16699999570846558], ['1019107402', 0.06400000303983688], ['1052411482', 0.05999999865889549], ['314591', 0.05700000002980232], ['20947316', 0.0]]]","['Male', 0.7350000143051147]","[69L, 0.5]","[166.0, 0.07999999821186066]","['19:18:02', '3', '16', 'September', '2009']",0,55
2964414,"[9.999999974752427e-07, [['1019107402', 0.11100000143051147], ['1052411482', 0.11100000143051147], ['20947316', 0.11100000143051147], ['2964414', 0.11100000143051147], ['3014218', 0.11100000143051147], ['314591', 0.11100000143051147], ['79397631', 0.11100000143051147], ['80431643', 0.11100000143051147], ['9515830', 0.11100000143051147]]]","['Female', 0.5]","[35L, 0L]","[180.1999969482422, 0.07999999821186066]","['20:16:05', '3', '16', 'September', '2009']",0,56
2964414,"[9.999999974752427e-07, [['1019107402', 0.11100000143051147], ['1052411482', 0.11100000143051147], ['20947316', 0.11100000143051147], ['2964414', 0.11100000143051147], ['3014218', 0.11100000143051147], ['314591', 0.11100000143051147], ['79397631', 0.11100000143051147], ['80431643', 0.11100000143051147], ['9515830', 0.11100000143051147]]]","['Female', 0.5]","[35L, 0L]","[166.1999969482422, 0.07999999821186066]","['20:19:15', '3', '16', 'September', '2009']",0,57
9496683,"[9.999999974752427e-07, [['1019107402', 0.11100000143051147], ['1052411482', 0.11100000143051147], ['20947316', 0.11100000143051147], ['2964414', 0.11100000143051147], ['3014218', 0.11100000143051147], ['314591', 0.11100000143051147], ['79397631', 0.11100000143051147], ['80431643', 0.11100000143051147], ['9515830', 0.11100000143051147]]]","['Female', 0.5]","[35L, 0L]","[161.39999389648438, 0.07999999821186066]","['19:28:25', '3', '16', 'September', '2009']",0,58
35489133,"[9.999999974752427e-07, [['1019107402', 0.11100000143051147], ['1052411482', 0.11100000143051147], ['20947316', 0.11100000143051147], ['2964414', 0.11100000143051147], ['3014218', 0.11100000143051147], ['314591', 0.11100000143051147], ['79397631', 0.11100000143051147], ['80431643', 0.11100000143051147], ['9515830', 0.11100000143051147]]]","['Female', 0.5]","[35L, 0L]","[163.3000030517578, 0.07999999821186066]","['19:08:43', '3', '16', 'September', '2009']",1,59
314591,"[9.999999974752427e-07, [['1019107402', 0.11100000143051147], ['1052411482', 0.11100000143051147], ['20947316', 0.11100000143051147], ['2964414', 0.11100000143051147], ['3014218', 0.11100000143051147], ['314591', 0.11100000143051147], ['79397631', 0.11100000143051147], ['80431643', 0.11100000143051147], ['9515830', 0.11100000143051147]]]","['Female', 0.5]","[35L, 0L]","[164.3000030517578, 0.07999999821186066]","['19:29:25', '3', '16', 'September', '2009']",0,60
79397631,"[9.999999974752427e-07, [['1019107402', 0.11100000143051147], ['1052411482', 0.11100000143051147], ['20947316', 0.11100000143051147], ['2964414', 0.11100000143051147], ['3014218', 0.11100000143051147], ['314591', 0.11100000143051147], ['79397631', 0.11100000143051147], ['80431643', 0.11100000143051147], ['9515830', 0.11100000143051147]]]","['Female', 0.5]","[35L, 0L]","[161.39999389648438, 0.07999999821186066]","['20:33:48', '3', '16', 'September', '2009']",0,61
314591,"[9.999999974752427e-07, [['1019107402', 0.11100000143051147], ['1052411482', 0.11100000143051147], ['20947316', 0.11100000143051147], ['2964414', 0.11100000143051147], ['3014218', 0.11100000143051147], ['314591', 0.11100000143051147], ['79397631', 0.11100000143051147], ['80431643', 0.11100000143051147], ['9515830', 0.11100000143051147]]]","['Female', 0.5]","[35L, 0L]","[171.5, 0.07999999821186066]","['19:39:01', '3', '16', 'September', '2009']",0,62
3014208,"[9.999999974752427e-07, [['1019107402', 0.11100000143051147], ['1052411482', 0.11100000143051147], ['20947316', 0.11100000143051147], ['2964414', 0.11100000143051147], ['3014218', 0.11100000143051147], ['314591', 0.11100000143051147], ['79397631', 0.11100000143051147], ['80431643', 0.11100000143051147], ['9515830', 0.11100000143051147]]]","['Female', 0.5]","[35L, 0L]","[157.6999969482422, 0.07999999821186066]","['19:37:48', '3', '16', 'September', '2009']",0,63
314591,"[9.999999974752427e-07, [['1019107402', 0.11100000143051147], ['1052411482', 0.11100000143051147], ['20947316', 0.11100000143051147], ['2964414', 0.11100000143051147], ['3014218', 0.11100000143051147], ['314591', 0.11100000143051147], ['79397631', 0.11100000143051147], ['80431643', 0.11100000143051147], ['9515830', 0.11100000143051147]]]","['Female', 0.5]","[35L, 0L]","[165.0, 0L]","['19:35:42', '3', '16', 'September', '2009']",0,64
9515830,"[0.7770000100135803, [['79397631', 0.1599999964237213], ['9515830', 0.09200000017881393], ['80431643', 0.08699999749660492], ['314591', 0.07800000160932541], ['1019107402', 0.06800000369548798], ['2964414', 0.06700000166893005], ['3014218', 0.057999998331069946], ['1052411482', 0.04899999871850014], ['20947316', 0.0]]]","['Male', 0.847000002861023]","[60L, 0.3330000042915344]","[168.1999969482422, 0.07999999821186066]","['19:31:23', '3', '16', 'September', '2009']",0,65
2964414,"[0.7400000095367432, [['2964414', 0.7739999890327454], ['3014218', 0.38999998569488525], ['80431643', 0.36800000071525574], ['79397631', 0.3529999852180481], ['9515830', 0.29600000381469727], ['1052411482', 0.2409999966621399], ['314591', 0.19200000166893005], ['1019107402', 0.09300000220537186], ['20947316', 0.0]]]","['Male', 0.8379999995231628]","[58L, 0.5]","[181.39999389648438, 0.07999999821186066]","['20:33:02', '3', '16', 'September', '2009']",0,66
9496683,"[0.6610000133514404, [['314591', 0.24899999797344208], ['9515830', 0.18299999833106995], ['3014218', 0.09600000083446503], ['2964414', 0.07199999690055847], ['79397631', 0.07199999690055847], ['1019107402', 0.06400000303983688], ['20947316', 0.03700000047683716], ['1052411482', 0.008999999612569809], ['80431643', 0.0]]]","['Male', 1.0]","[60L, 0.4000000059604645]","[154.5, 0.07999999821186066]","['19:13:54', '3', '16', 'September', '2009']",0,67
9496683,"[9.999999974752427e-07, [['1019107402', 0.10000000149011612], ['1052411482', 0.10000000149011612], ['20947316', 0.10000000149011612], ['2964414', 0.10000000149011612], ['3014218', 0.10000000149011612], ['314591', 0.10000000149011612], ['79397631', 0.10000000149011612], ['80431643', 0.10000000149011612], ['9496683', 0.10000000149011612], ['9515830', 0.10000000149011612]]]","['Female', 0.5]","[35L, 0L]","[164.10000610351562, 0.07999999821186066]","['19:18:45', '3', '16', 'September', '2009']",0,68
9496683,"[9.999999974752427e-07, [['1019107402', 0.10000000149011612], ['1052411482', 0.10000000149011612], ['20947316', 0.10000000149011612], ['2964414', 0.10000000149011612], ['3014218', 0.10000000149011612], ['314591', 0.10000000149011612], ['79397631', 0.10000000149011612], ['80431643', 0.10000000149011612], ['9496683', 0.10000000149011612], ['9515830', 0.10000000149011612]]]","['Female', 0.5]","[35L, 0L]","[157.8000030517578, 0.07999999821186066]","['19:21:44', '3', '16', 'September', '2009']",0,69
35489133,"[9.999999974752427e-07, [['1019107402', 0.10000000149011612], ['1052411482', 0.10000000149011612], ['20947316', 0.10000000149011612], ['2964414', 0.10000000149011612], ['3014218', 0.10000000149011612], ['314591', 0.10000000149011612], ['79397631', 0.10000000149011612], ['80431643', 0.10000000149011612], ['9496683', 0.10000000149011612], ['9515830', 0.10000000149011612]]]","['Female', 0.5]","[35L, 0L]","[172.1999969482422, 0.07999999821186066]","['19:15:35', '3', '16', 'September', '2009']",0,70
79397631,"[0.5870000123977661, [['79397631', 0.37700000405311584], ['314591', 0.16500000655651093], ['9515830', 0.14300000667572021], ['3014218', 0.09799999743700027], ['2964414', 0.09000000357627869], ['1052411482', 0.07800000160932541], ['9496683', 0.0689999982714653], ['1019107402', 0.06800000369548798], ['80431643', 0.0560000017285347], ['20947316', 0.03500000014901161]]]","['Male', 1.0]","[56L, 0.3330000042915344]","[163.8000030517578, 0.07999999821186066]","['19:18:53', '3', '16', 'September', '2009']",0,71
123,"[0.6050000190734863, [['123', 1.0], ['79397631', 0.14000000059604645], ['314591', 0.0949999988079071], ['1052411482', 0.07599999755620956], ['1019107402', 0.0560000017285347], ['2964414', 0.05299999937415123], ['80431643', 0.028999999165534973], ['20947316', 0.0], ['3014218', 0.0], ['9515830', 0.0], ['9496683', 0.0]]]","['Male', 1.0]","[37L, 0.1809999942779541]","[160.10000610351562, 0.07999999821186066]","['21:59:46', '3', '16', 'September', '2009']",1,72
79278774,"[9.999999974752427e-07, [['1019107402', 0.09099999815225601], ['1052411482', 0.09099999815225601], ['123', 0.09099999815225601], ['20947316', 0.09099999815225601], ['2964414', 0.09099999815225601], ['3014218', 0.09099999815225601], ['314591', 0.09099999815225601], ['79397631', 0.09099999815225601], ['80431643', 0.09099999815225601], ['9496683', 0.09099999815225601], ['9515830', 0.09099999815225601]]]","['Female', 0.5]","[35L, 0L]","[178.1999969482422, 0.07999999821186066]","['22:28:58', '3', '16', 'September', '2009']",1,73
3014208,"[9.999999974752427e-07, [['1019107402', 0.09099999815225601], ['1052411482', 0.09099999815225601], ['123', 0.09099999815225601], ['20947316', 0.09099999815225601], ['2964414', 0.09099999815225601], ['3014218', 0.09099999815225601], ['314591', 0.09099999815225601], ['79397631', 0.09099999815225601], ['80431643', 0.09099999815225601], ['9496683', 0.09099999815225601], ['9515830', 0.09099999815225601]]]","['Female', 0.5]","[35L, 0L]","[156.60000610351562, 0.07999999821186066]","['19:14:18', '3', '16', 'September', '2009']",0,74
3014208,"[9.999999974752427e-07, [['1019107402', 0.09099999815225601], ['1052411482', 0.09099999815225601], ['123', 0.09099999815225601], ['20947316', 0.09099999815225601], ['2964414', 0.09099999815225601], ['3014218', 0.09099999815225601], ['314591', 0.09099999815225601], ['79397631', 0.09099999815225601], ['80431643', 0.09099999815225601], ['9496683', 0.09099999815225601], ['9515830', 0.09099999815225601]]]","['Female', 0.5]","[35L, 0L]","[166.60000610351562, 0.07999999821186066]","['19:17:04', '3', '16', 'September', '2009']",0,75
3014208,"[9.999999974752427e-07, [['1019107402', 0.09099999815225601], ['1052411482', 0.09099999815225601], ['123', 0.09099999815225601], ['20947316', 0.09099999815225601], ['2964414', 0.09099999815225601], ['3014218', 0.09099999815225601], ['314591', 0.09099999815225601], ['79397631', 0.09099999815225601], ['80431643', 0.09099999815225601], ['9496683', 0.09099999815225601], ['9515830', 0.09099999815225601]]]","['Female', 0.5]","[35L, 0L]","[171.89999389648438, 0.07999999821186066]","['19:21:15', '3', '16', 'September', '2009']",0,76
9515830,"[9.999999974752427e-07, [['1019107402', 0.09099999815225601], ['1052411482', 0.09099999815225601], ['123', 0.09099999815225601], ['20947316', 0.09099999815225601], ['2964414', 0.09099999815225601], ['3014218', 0.09099999815225601], ['314591', 0.09099999815225601], ['79397631', 0.09099999815225601], ['80431643', 0.09099999815225601], ['9496683', 0.09099999815225601], ['9515830', 0.09099999815225601]]]","['Female', 0.5]","[35L, 0L]","[178.5, 0.07999999821186066]","['19:13:48', '3', '16', 'September', '2009']",0,77
9515830,"[0.5640000104904175, [['9515830', 0.7630000114440918], ['2964414', 0.34200000762939453], ['3014218', 0.3330000042915344], ['79397631', 0.32199999690055847], ['80431643', 0.27300000190734863], ['314591', 0.15000000596046448], ['9496683', 0.09200000017881393], ['1052411482', 0.07800000160932541], ['1019107402', 0.0], ['20947316', 0.0], ['123', 0.0]]]","['Male', 0.8489999771118164]","[64L, 0.6660000085830688]","[173.8000030517578, 0.07999999821186066]","['19:18:35', '3', '16', 'September', '2009']",0,78
2964414,"[9.999999974752427e-07, [['1019107402', 0.09099999815225601], ['1052411482', 0.09099999815225601], ['123', 0.09099999815225601], ['20947316', 0.09099999815225601], ['2964414', 0.09099999815225601], ['3014218', 0.09099999815225601], ['314591', 0.09099999815225601], ['79397631', 0.09099999815225601], ['80431643', 0.09099999815225601], ['9496683', 0.09099999815225601], ['9515830', 0.09099999815225601]]]","['Female', 0.5]","[35L, 0L]","[161.0, 0.07999999821186066]","['20:21:45', '3', '16', 'September', '2009']",0,79
9496683,"[0.5580000281333923, [['3014218', 0.41600000858306885], ['9496683', 0.24799999594688416], ['9515830', 0.23600000143051147], ['314591', 0.22200000286102295], ['79397631', 0.20900000631809235], ['1052411482', 0.1850000023841858], ['2964414', 0.12399999797344208], ['1019107402', 0.09300000220537186], ['80431643', 0.0560000017285347], ['20947316', 0.0], ['123', 0.0]]]","['Male', 1.0]","[57L, 0.22200000286102295]","[168.39999389648438, 0.07999999821186066]","['19:23:07', '3', '16', 'September', '2009']",0,80
314591,"[9.999999974752427e-07, [['1019107402', 0.09099999815225601], ['1052411482', 0.09099999815225601], ['123', 0.09099999815225601], ['20947316', 0.09099999815225601], ['2964414', 0.09099999815225601], ['3014218', 0.09099999815225601], ['314591', 0.09099999815225601], ['79397631', 0.09099999815225601], ['80431643', 0.09099999815225601], ['9496683', 0.09099999815225601], ['9515830', 0.09099999815225601]]]","['Female', 0.5]","[35L, 0L]","[159.8000030517578, 0.07999999821186066]","['19:10:37', '3', '16', 'September', '2009']",0,81
79278774,"[9.999999974752427e-07, [['1019107402', 0.09099999815225601], ['1052411482', 0.09099999815225601], ['123', 0.09099999815225601], ['20947316', 0.09099999815225601], ['2964414', 0.09099999815225601], ['3014218', 0.09099999815225601], ['314591', 0.09099999815225601], ['79397631', 0.09099999815225601], ['80431643', 0.09099999815225601], ['9496683', 0.09099999815225601], ['9515830', 0.09099999815225601]]]","['Female', 0.5]","[35L, 0L]","[167.0, 0.07999999821186066]","['19:17:27', '3', '16', 'September', '2009']",0,82
3014218,"[0.6570000052452087, [['3014218', 0.6949999928474426], ['79397631', 0.29499998688697815], ['2964414', 0.18299999833106995], ['314591', 0.164000004529953], ['9515830', 0.13500000536441803], ['80431643', 0.08799999952316284], ['9496683', 0.05999999865889549], ['1052411482', 0.039000000804662704], ['1019107402', 0.0], ['20947316', 0.0], ['123', 0.0]]]","['Male', 0.9769999980926514]","[74L, 1.0]","[161.1999969482422, 0.07999999821186066]","['19:32:19', '3', '16', 'September', '2009']",0,83
9515830,"[0.6010000109672546, [['9515830', 0.5429999828338623], ['2964414', 0.24500000476837158], ['80431643', 0.19699999690055847], ['79397631', 0.16099999845027924], ['3014218', 0.1509999930858612], ['9496683', 0.09700000286102295], ['1019107402', 0.0949999988079071], ['20947316', 0.06800000369548798], ['314591', 0.06700000166893005], ['1052411482', 0.0], ['123', 0.0]]]","['Male', 0.6769999861717224]","[63L, 0.4000000059604645]","[170.3000030517578, 0.07999999821186066]","['19:31:46', '3', '16', 'September', '2009']",0,84
9515830,"[0.6539999842643738, [['9515830', 0.734000027179718], ['80431643', 0.2280000001192093], ['2964414', 0.20499999821186066], ['79397631', 0.1550000011920929], ['9496683', 0.13500000536441803], ['3014218', 0.13300000131130219], ['1019107402', 0.10700000077486038], ['314591', 0.052000001072883606], ['1052411482', 0.0], ['20947316', 0.0], ['123', 0.0]]]","['Male', 0.6330000162124634]","[63L, 0.4000000059604645]","[183.0, 0.07999999821186066]","['19:36:03', '3', '16', 'September', '2009']",0,85
2964414,"[0.6359999775886536, [['2964414', 1.0], ['80431643', 0.4399999976158142], ['9515830', 0.35100001096725464], ['3014218', 0.22499999403953552], ['79397631', 0.21199999749660492], ['1052411482', 0.1979999989271164], ['314591', 0.16500000655651093], ['123', 0.10000000149011612], ['9496683', 0.07100000232458115], ['1019107402', 0.05400000140070915], ['20947316', 0.03200000151991844]]]","['Male', 0.9229999780654907]","[58L, 0.4000000059604645]","[176.60000610351562, 0.07999999821186066]","['20:33:08', '3', '16', 'September', '2009']",0,86
2964414,"[9.999999974752427e-07, [['1019107402', 0.09099999815225601], ['1052411482', 0.09099999815225601], ['123', 0.09099999815225601], ['20947316', 0.09099999815225601], ['2964414', 0.09099999815225601], ['3014218', 0.09099999815225601], ['314591', 0.09099999815225601], ['79397631', 0.09099999815225601], ['80431643', 0.09099999815225601], ['9496683', 0.09099999815225601], ['9515830', 0.09099999815225601]]]","['Female', 0.5]","[35L, 0L]","[179.0, 0.07999999821186066]","['20:36:44', '3', '16', 'September', '2009']",0,87
9496683,"[9.999999974752427e-07, [['1019107402', 0.09099999815225601], ['1052411482', 0.09099999815225601], ['123', 0.09099999815225601], ['20947316', 0.09099999815225601], ['2964414', 0.09099999815225601], ['3014218', 0.09099999815225601], ['314591', 0.09099999815225601], ['79397631', 0.09099999815225601], ['80431643', 0.09099999815225601], ['9496683', 0.09099999815225601], ['9515830', 0.09099999815225601]]]","['Female', 0.5]","[35L, 0L]","[157.60000610351562, 0.07999999821186066]","['19:21:14', '3', '16', 'September', '2009']",0,88
35489133,"[9.999999974752427e-07, [['1019107402', 0.09099999815225601], ['1052411482', 0.09099999815225601], ['123', 0.09099999815225601], ['20947316', 0.09099999815225601], ['2964414', 0.09099999815225601], ['3014218', 0.09099999815225601], ['314591', 0.09099999815225601], ['79397631', 0.09099999815225601], ['80431643', 0.09099999815225601], ['9496683', 0.09099999815225601], ['9515830', 0.09099999815225601]]]","['Female', 0.5]","[35L, 0L]","[163.5, 0.07999999821186066]","['19:14:57', '3', '16', 'September', '2009']",0,89
35489133,"[0.5910000205039978, [['9496683', 0.44999998807907104], ['9515830', 0.3100000023841858], ['3014218', 0.30399999022483826], ['314591', 0.25099998712539673], ['79397631', 0.2460000067949295], ['1052411482', 0.19599999487400055], ['80431643', 0.10100000351667404], ['2964414', 0.10000000149011612], ['1019107402', 0.026000000536441803], ['20947316', 0.026000000536441803], ['123', 0.0]]]","['Male', 0.652999997138977]","[67L, 0.4000000059604645]","[171.0, 0.07999999821186066]","['19:18:10', '3', '16', 'September', '2009']",0,90
79397631,"[0.6800000071525574, [['79397631', 0.6349999904632568], ['9515830', 0.29600000381469727], ['2964414', 0.23800000548362732], ['9496683', 0.2290000021457672], ['35489133', 0.20600000023841858], ['1052411482', 0.19099999964237213], ['3014218', 0.1720000058412552], ['314591', 0.07400000095367432], ['20947316', 0.057999998331069946], ['80431643', 0.039000000804662704], ['1019107402', 0.0], ['123', 0.0]]]","['Male', 0.8560000061988831]","[64L, 0.3330000042915344]","[162.0, 0.07999999821186066]","['19:18:43', '3', '16', 'September', '2009']",0,91
79397631,"[9.999999974752427e-07, [['1019107402', 0.08299999684095383], ['1052411482', 0.08299999684095383], ['123', 0.08299999684095383], ['20947316', 0.08299999684095383], ['2964414', 0.08299999684095383], ['3014218', 0.08299999684095383], ['314591', 0.08299999684095383], ['35489133', 0.08299999684095383], ['79397631', 0.08299999684095383], ['80431643', 0.08299999684095383], ['9496683', 0.08299999684095383], ['9515830', 0.08299999684095383]]]","['Female', 0.5]","[35L, 0L]","[167.8000030517578, 0.07999999821186066]","['19:23:32', '3', '16', 'September', '2009']",0,92
3014208,"[9.999999974752427e-07, [['1019107402', 0.08299999684095383], ['1052411482', 0.08299999684095383], ['123', 0.08299999684095383], ['20947316', 0.08299999684095383], ['2964414', 0.08299999684095383], ['3014218', 0.08299999684095383], ['314591', 0.08299999684095383], ['35489133', 0.08299999684095383], ['79397631', 0.08299999684095383], ['80431643', 0.08299999684095383], ['9496683', 0.08299999684095383], ['9515830', 0.08299999684095383]]]","['Female', 0.5]","[35L, 0L]","[170.60000610351562, 0.07999999821186066]","['01:24:00', '4', '17', 'September', '2009']",0,93
9515830,"[9.999999974752427e-07, [['1019107402', 0.08299999684095383], ['1052411482', 0.08299999684095383], ['123', 0.08299999684095383], ['20947316', 0.08299999684095383], ['2964414', 0.08299999684095383], ['3014218', 0.08299999684095383], ['314591', 0.08299999684095383], ['35489133', 0.08299999684095383], ['79397631', 0.08299999684095383], ['80431643', 0.08299999684095383], ['9496683', 0.08299999684095383], ['9515830', 0.08299999684095383]]]","['Female', 0.5]","[35L, 0L]","[167.1999969482422, 0.07999999821186066]","['19:33:55', '3', '16', 'September', '2009']",0,94
2964414,"[0.5669999718666077, [['2964414', 0.6290000081062317], ['35489133', 0.3889999985694885], ['9515830', 0.3700000047683716], ['79397631', 0.3499999940395355], ['9496683', 0.2630000114440918], ['3014218', 0.20399999618530273], ['1052411482', 0.17399999499320984], ['80431643', 0.164000004529953], ['314591', 0.12700000405311584], ['1019107402', 0.0], ['20947316', 0.0], ['123', 0.0]]]","['Male', 0.6579999923706055]","[61L, 0.25]","[161.0, 0.07999999821186066]","['20:35:50', '3', '16', 'September', '2009']",0,95
9496683,"[9.999999974752427e-07, [['1019107402', 0.08299999684095383], ['1052411482', 0.08299999684095383], ['123', 0.08299999684095383], ['20947316', 0.08299999684095383], ['2964414', 0.08299999684095383], ['3014218', 0.08299999684095383], ['314591', 0.08299999684095383], ['35489133', 0.08299999684095383], ['79397631', 0.08299999684095383], ['80431643', 0.08299999684095383], ['9496683', 0.08299999684095383], ['9515830', 0.08299999684095383]]]","['Female', 0.5]","[35L, 0L]","[168.89999389648438, 0.07999999821186066]","['19:26:54', '3', '16', 'September', '2009']",0,96
35489133,"[9.999999974752427e-07, [['1019107402', 0.08299999684095383], ['1052411482', 0.08299999684095383], ['123', 0.08299999684095383], ['20947316', 0.08299999684095383], ['2964414', 0.08299999684095383], ['3014218', 0.08299999684095383], ['314591', 0.08299999684095383], ['35489133', 0.08299999684095383], ['79397631', 0.08299999684095383], ['80431643', 0.08299999684095383], ['9496683', 0.08299999684095383], ['9515830', 0.08299999684095383]]]","['Female', 0.5]","[35L, 0L]","[170.8000030517578, 0.07999999821186066]","['21:22:35', '3', '16', 'September', '2009']",0,97
35489133,"[9.999999974752427e-07, [['1019107402', 0.08299999684095383], ['1052411482', 0.08299999684095383], ['123', 0.08299999684095383], ['20947316', 0.08299999684095383], ['2964414', 0.08299999684095383], ['3014218', 0.08299999684095383], ['314591', 0.08299999684095383], ['35489133', 0.08299999684095383], ['79397631', 0.08299999684095383], ['80431643', 0.08299999684095383], ['9496683', 0.08299999684095383], ['9515830', 0.08299999684095383]]]","['Female', 0.5]","[35L, 0L]","[171.10000610351562, 0.07999999821186066]","['21:27:07', '3', '16', 'September', '2009']",0,98
314591,"[9.999999974752427e-07, [['1019107402', 0.08299999684095383], ['1052411482', 0.08299999684095383], ['123', 0.08299999684095383], ['20947316', 0.08299999684095383], ['2964414', 0.08299999684095383], ['3014218', 0.08299999684095383], ['314591', 0.08299999684095383], ['35489133', 0.08299999684095383], ['79397631', 0.08299999684095383], ['80431643', 0.08299999684095383], ['9496683', 0.08299999684095383], ['9515830', 0.08299999684095383]]]","['Female', 0.5]","[35L, 0L]","[168.89999389648438, 0.07999999821186066]","['19:22:09', '3', '16', 'September', '2009']",0,99
79397631,"[0.6190000176429749, [['79397631', 0.7350000143051147], ['2964414', 0.296999990940094], ['9515830', 0.24199999868869781], ['9496683', 0.21899999678134918], ['35489133', 0.18299999833106995], ['3014218', 0.13300000131130219], ['1052411482', 0.12300000339746475], ['80431643', 0.09799999743700027], ['123', 0.09600000083446503], ['1019107402', 0.08500000089406967], ['314591', 0.07100000232458115], ['20947316', 0.035999998450279236]]]","['Male', 0.8460000157356262]","[61L, 0.3330000042915344]","[165.39999389648438, 0.07999999821186066]","['20:24:02', '3', '16', 'September', '2009']",0,100
79397631,"[0.6600000262260437, [['79397631', 0.8360000252723694], ['2964414', 0.30799999833106995], ['3014218', 0.22300000488758087], ['9515830', 0.2199999988079071], ['35489133', 0.1860000044107437], ['9496683', 0.16899999976158142], ['1052411482', 0.1509999930858612], ['314591', 0.11900000274181366], ['80431643', 0.10700000077486038], ['1019107402', 0.09300000220537186], ['123', 0.07100000232458115], ['20947316', 0.03200000151991844]]]","['Male', 0.9419999718666077]","[61L, 0.3330000042915344]","[161.1999969482422, 0.07999999821186066]","['20:28:17', '3', '16', 'September', '2009']",0,101
79397631,"[9.999999974752427e-07, [['1019107402', 0.08299999684095383], ['1052411482', 0.08299999684095383], ['123', 0.08299999684095383], ['20947316', 0.08299999684095383], ['2964414', 0.08299999684095383], ['3014218', 0.08299999684095383], ['314591', 0.08299999684095383], ['35489133', 0.08299999684095383], ['79397631', 0.08299999684095383], ['80431643', 0.08299999684095383], ['9496683', 0.08299999684095383], ['9515830', 0.08299999684095383]]]","['Female', 0.5]","[35L, 0L]","[162.8000030517578, 0.07999999821186066]","['20:32:27', '3', '16', 'September', '2009']",0,102
79278774,"[0.5640000104904175, [['2964414', 0.38100001215934753], ['3014218', 0.30300000309944153], ['79397631', 0.26899999380111694], ['314591', 0.24899999797344208], ['9515830', 0.24400000274181366], ['1052411482', 0.1340000033378601], ['9496683', 0.125], ['35489133', 0.12300000339746475], ['1019107402', 0.0949999988079071], ['80431643', 0.0860000029206276], ['123', 0.07999999821186066], ['20947316', 0.06800000369548798]]]","['Male', 1.0]","[50L, 0.4000000059604645]","[164.0, 0.07999999821186066]","['19:16:59', '3', '16', 'September', '2009']",0,103
79278774,"[9.999999974752427e-07, [['1019107402', 0.07699999958276749], ['1052411482', 0.07699999958276749], ['123', 0.07699999958276749], ['20947316', 0.07699999958276749], ['2964414', 0.07699999958276749], ['3014218', 0.07699999958276749], ['314591', 0.07699999958276749], ['35489133', 0.07699999958276749], ['79278774', 0.07699999958276749], ['79397631', 0.07699999958276749], ['80431643', 0.07699999958276749], ['9496683', 0.07699999958276749], ['9515830', 0.07699999958276749]]]","['Female', 0.5]","[35L, 0L]","[156.89999389648438, 0.07999999821186066]","['19:22:31', '3', '16', 'September', '2009']",0,104
3014208,"[9.999999974752427e-07, [['1019107402', 0.07699999958276749], ['1052411482', 0.07699999958276749], ['123', 0.07699999958276749], ['20947316', 0.07699999958276749], ['2964414', 0.07699999958276749], ['3014218', 0.07699999958276749], ['314591', 0.07699999958276749], ['35489133', 0.07699999958276749], ['79278774', 0.07699999958276749], ['79397631', 0.07699999958276749], ['80431643', 0.07699999958276749], ['9496683', 0.07699999958276749], ['9515830', 0.07699999958276749]]]","['Female', 0.5]","[35L, 0L]","[165.89999389648438, 0.07999999821186066]","['19:18:05', '3', '16', 'September', '2009']",0,105
9515830,"[0.6539999842643738, [['9515830', 0.7689999938011169], ['2964414', 0.41999998688697815], ['79397631', 0.2720000147819519], ['3014218', 0.26899999380111694], ['80431643', 0.2070000022649765], ['79278774', 0.17599999904632568], ['9496683', 0.16200000047683716], ['35489133', 0.14000000059604645], ['314591', 0.0989999994635582], ['1052411482', 0.07999999821186066], ['20947316', 0.07699999958276749], ['1019107402', 0.01899999938905239], ['123', 0.0]]]","['Male', 0.6129999756813049]","[66L, 0.4000000059604645]","[175.39999389648438, 0.07999999821186066]","['19:20:23', '3', '16', 'September', '2009']",0,106
1,"[0.652999997138977, [['1', 1.0], ['2964414', 0.9789999723434448], ['80431643', 0.29499998688697815], ['3014218', 0.2840000092983246], ['9515830', 0.2639999985694885], ['79278774', 0.25], ['79397631', 0.19599999487400055], ['314591', 0.14000000059604645], ['1052411482', 0.12700000405311584], ['123', 0.08799999952316284], ['1019107402', 0.05999999865889549], ['9496683', 0.057999998331069946], ['35489133', 0.05400000140070915], ['20947316', 0.0]]]","['Male', 1.0]","[57L, 0.5]","[184.89999389648438, 0.07999999821186066]","['20:17:43', '3', '16', 'September', '2009']",1,107
9496683,"[0.5630000233650208, [['9496683', 0.8180000185966492], ['79397631', 0.26899999380111694], ['314591', 0.26499998569488525], ['9515830', 0.23899999260902405], ['35489133', 0.2029999941587448], ['2964414', 0.18799999356269836], ['3014218', 0.17299999296665192], ['79278774', 0.14300000667572021], ['1', 0.11900000274181366], ['1052411482', 0.0989999994635582], ['1019107402', 0.039000000804662704], ['20947316', 0.0], ['80431643', 0.0], ['123', 0.0]]]","['Male', 1.0]","[57L, 0.5]","[158.3000030517578, 0.07999999821186066]","['19:15:46', '3', '16', 'September', '2009']",0,108
79397631,"[9.999999974752427e-07, [['1', 0.07100000232458115], ['1019107402', 0.07100000232458115], ['1052411482', 0.07100000232458115], ['123', 0.07100000232458115], ['20947316', 0.07100000232458115], ['2964414', 0.07100000232458115], ['3014218', 0.07100000232458115], ['314591', 0.07100000232458115], ['35489133', 0.07100000232458115], ['79278774', 0.07100000232458115], ['79397631', 0.07100000232458115], ['80431643', 0.07100000232458115], ['9496683', 0.07100000232458115], ['9515830', 0.07100000232458115]]]","['Female', 0.5]","[35L, 0L]","[162.3000030517578, 0.07999999821186066]","['19:21:52', '3', '16', 'September', '2009']",0,109
79397631,"[0.5609999895095825, [['79397631', 0.47999998927116394], ['9496683', 0.36500000953674316], ['35489133', 0.30399999022483826], ['2964414', 0.289000004529953], ['9515830', 0.25699999928474426], ['79278774', 0.1599999964237213], ['1', 0.15600000321865082], ['3014218', 0.14100000262260437], ['80431643', 0.09799999743700027], ['314591', 0.09300000220537186], ['1052411482', 0.09099999815225601], ['1019107402', 0.03099999949336052], ['20947316', 0.0], ['123', 0.0]]]","['Male', 0.8769999742507935]","[58L, 0.2849999964237213]","[160.1999969482422, 0.07999999821186066]","['19:26:54', '3', '16', 'September', '2009']",0,110
79278774,"[9.999999974752427e-07, [['1', 0.07100000232458115], ['1019107402', 0.07100000232458115], ['1052411482', 0.07100000232458115], ['123', 0.07100000232458115], ['20947316', 0.07100000232458115], ['2964414', 0.07100000232458115], ['3014218', 0.07100000232458115], ['314591', 0.07100000232458115], ['35489133', 0.07100000232458115], ['79278774', 0.07100000232458115], ['79397631', 0.07100000232458115], ['80431643', 0.07100000232458115], ['9496683', 0.07100000232458115], ['9515830', 0.07100000232458115]]]","['Female', 0.5]","[35L, 0L]","[157.6999969482422, 0.07999999821186066]","['22:16:29', '3', '16', 'September', '2009']",0,111
9515830,"[9.999999974752427e-07, [['1', 0.07100000232458115], ['1019107402', 0.07100000232458115], ['1052411482', 0.07100000232458115], ['123', 0.07100000232458115], ['20947316', 0.07100000232458115], ['2964414', 0.07100000232458115], ['3014218', 0.07100000232458115], ['314591', 0.07100000232458115], ['35489133', 0.07100000232458115], ['79278774', 0.07100000232458115], ['79397631', 0.07100000232458115], ['80431643', 0.07100000232458115], ['9496683', 0.07100000232458115], ['9515830', 0.07100000232458115]]]","['Female', 0.5]","[35L, 0L]","[164.10000610351562, 0.07999999821186066]","['19:16:51', '3', '16', 'September', '2009']",0,112
9515830,"[9.999999974752427e-07, [['1', 0.07100000232458115], ['1019107402', 0.07100000232458115], ['1052411482', 0.07100000232458115], ['123', 0.07100000232458115], ['20947316', 0.07100000232458115], ['2964414', 0.07100000232458115], ['3014218', 0.07100000232458115], ['314591', 0.07100000232458115], ['35489133', 0.07100000232458115], ['79278774', 0.07100000232458115], ['79397631', 0.07100000232458115], ['80431643', 0.07100000232458115], ['9496683', 0.07100000232458115], ['9515830', 0.07100000232458115]]]","['Female', 0.5]","[35L, 0L]","[159.60000610351562, 0.07999999821186066]","['19:22:20', '3', '16', 'September', '2009']",0,113
1,"[9.999999974752427e-07, [['1', 0.07100000232458115], ['1019107402', 0.07100000232458115], ['1052411482', 0.07100000232458115], ['123', 0.07100000232458115], ['20947316', 0.07100000232458115], ['2964414', 0.07100000232458115], ['3014218', 0.07100000232458115], ['314591', 0.07100000232458115], ['35489133', 0.07100000232458115], ['79278774', 0.07100000232458115], ['79397631', 0.07100000232458115], ['80431643', 0.07100000232458115], ['9496683', 0.07100000232458115], ['9515830', 0.07100000232458115]]]","['Female', 0.5]","[35L, 0L]","[169.60000610351562, 0.07999999821186066]","['20:18:51', '3', '16', 'September', '2009']",0,114
79397631,"[9.999999974752427e-07, [['1', 0.07100000232458115], ['1019107402', 0.07100000232458115], ['1052411482', 0.07100000232458115], ['123', 0.07100000232458115], ['20947316', 0.07100000232458115], ['2964414', 0.07100000232458115], ['3014218', 0.07100000232458115], ['314591', 0.07100000232458115], ['35489133', 0.07100000232458115], ['79278774', 0.07100000232458115], ['79397631', 0.07100000232458115], ['80431643', 0.07100000232458115], ['9496683', 0.07100000232458115], ['9515830', 0.07100000232458115]]]","['Female', 0.5]","[35L, 0L]","[162.3000030517578, 0.07999999821186066]","['20:06:05', '3', '16', 'September', '2009']",0,115
79397631,"[9.999999974752427e-07, [['1', 0.07100000232458115], ['1019107402', 0.07100000232458115], ['1052411482', 0.07100000232458115], ['123', 0.07100000232458115], ['20947316', 0.07100000232458115], ['2964414', 0.07100000232458115], ['3014218', 0.07100000232458115], ['314591', 0.07100000232458115], ['35489133', 0.07100000232458115], ['79278774', 0.07100000232458115], ['79397631', 0.07100000232458115], ['80431643', 0.07100000232458115], ['9496683', 0.07100000232458115], ['9515830', 0.07100000232458115]]]","['Female', 0.5]","[35L, 0L]","[159.10000610351562, 0.07999999821186066]","['20:09:53', '3', '16', 'September', '2009']",0,116
79278774,"[0.5820000171661377, [['79278774', 0.7170000076293945], ['2964414', 0.34200000762939453], ['79397631', 0.34200000762939453], ['35489133', 0.2939999997615814], ['3014218', 0.2460000067949295], ['1', 0.23100000619888306], ['314591', 0.20600000023841858], ['9515830', 0.19300000369548798], ['9496683', 0.16699999570846558], ['1052411482', 0.16599999368190765], ['80431643', 0.07900000363588333], ['123', 0.0430000014603138], ['1019107402', 0.017999999225139618], ['20947316', 0.0]]]","['Male', 0.8830000162124634]","[56L, 0.22200000286102295]","[161.10000610351562, 0.07999999821186066]","['22:59:46', '3', '16', 'September', '2009']",0,117
314591,"[0.5109999775886536, [['314591', 0.9049999713897705], ['9496683', 0.24899999797344208], ['3014218', 0.23499999940395355], ['2964414', 0.21899999678134918], ['79278774', 0.21699999272823334], ['1', 0.2150000035762787], ['79397631', 0.17800000309944153], ['35489133', 0.13500000536441803], ['9515830', 0.1340000033378601], ['1052411482', 0.12700000405311584], ['80431643', 0.125], ['123', 0.0989999994635582], ['1019107402', 0.07500000298023224], ['20947316', 0.0]]]","['Male', 0.734000027179718]","[33L, 1.0]","[165.1999969482422, 0.07999999821186066]","['23:59:07', '3', '16', 'September', '2009']",0,118
3014218,"[0.5830000042915344, [['3014218', 0.9139999747276306], ['1', 0.3959999978542328], ['2964414', 0.32199999690055847], ['79278774', 0.29899999499320984], ['9515830', 0.27300000190734863], ['35489133', 0.24500000476837158], ['79397631', 0.21199999749660492], ['314591', 0.18400000035762787], ['9496683', 0.1459999978542328], ['80431643', 0.07500000298023224], ['1052411482', 0.06199999898672104], ['1019107402', 0.0], ['20947316', 0.0], ['123', 0.0]]]","['Male', 0.9599999785423279]","[68L, 0.5]","[166.3000030517578, 0.07999999821186066]","['01:56:32', '4', '17', 'September', '2009']",0,119
314591,"[0.6150000095367432, [['314591', 0.9490000009536743], ['9496683', 0.30000001192092896], ['3014218', 0.2029999941587448], ['79397631', 0.19300000369548798], ['79278774', 0.19200000166893005], ['2964414', 0.1889999955892563], ['1', 0.18199999630451202], ['35489133', 0.18000000715255737], ['1052411482', 0.1720000058412552], ['9515830', 0.12300000339746475], ['80431643', 0.09700000286102295], ['1019107402', 0.020999999716877937], ['20947316', 0.0], ['123', 0.0]]]","['Male', 0.8529999852180481]","[37L, 0.5]","[151.6999969482422, 0.07999999821186066]","['19:16:47', '3', '16', 'September', '2009']",0,120
9515830,"[9.999999974752427e-07, [['1', 0.07100000232458115], ['1019107402', 0.07100000232458115], ['1052411482', 0.07100000232458115], ['123', 0.07100000232458115], ['20947316', 0.07100000232458115], ['2964414', 0.07100000232458115], ['3014218', 0.07100000232458115], ['314591', 0.07100000232458115], ['35489133', 0.07100000232458115], ['79278774', 0.07100000232458115], ['79397631', 0.07100000232458115], ['80431643', 0.07100000232458115], ['9496683', 0.07100000232458115], ['9515830', 0.07100000232458115]]]","['Female', 0.5]","[35L, 0L]","[161.39999389648438, 0.07999999821186066]","['19:26:34', '3', '16', 'September', '2009']",0,121
2964414,"[0.5529999732971191, [['2964414', 0.8980000019073486], ['1', 0.8040000200271606], ['3014218', 0.4259999990463257], ['79397631', 0.3440000116825104], ['9515830', 0.28200000524520874], ['80431643', 0.22499999403953552], ['9496683', 0.17100000381469727], ['35489133', 0.1469999998807907], ['1052411482', 0.1379999965429306], ['314591', 0.13099999725818634], ['79278774', 0.12800000607967377], ['20947316', 0.0820000022649765], ['1019107402', 0.003000000026077032], ['123', 0.0]]]","['Male', 0.8600000143051147]","[62L, 0.5]","[161.8000030517578, 0.07999999821186066]","['20:27:23', '3', '16', 'September', '2009']",0,122
1,"[0.718999981880188, [['2964414', 0.9909999966621399], ['1', 0.984000027179718], ['3014218', 0.46299999952316284], ['80431643', 0.2460000067949295], ['9515830', 0.24500000476837158], ['79397631', 0.2290000021457672], ['79278774', 0.18799999356269836], ['314591', 0.18700000643730164], ['35489133', 0.12399999797344208], ['1052411482', 0.11299999803304672], ['9496683', 0.09600000083446503], ['1019107402', 0.08500000089406967], ['20947316', 0.02199999988079071], ['123', 0.0]]]","['Male', 1.0]","[60L, 0.3330000042915344]","[166.10000610351562, 0.07999999821186066]","['20:30:17', '3', '16', 'September', '2009']",0,123
9496683,"[0.6800000071525574, [['9496683', 0.6840000152587891], ['314591', 0.2939999997615814], ['79397631', 0.21799999475479126], ['1052411482', 0.16099999845027924], ['2964414', 0.1509999930858612], ['9515830', 0.13500000536441803], ['79278774', 0.12999999523162842], ['3014218', 0.11800000071525574], ['35489133', 0.08299999684095383], ['80431643', 0.08100000023841858], ['20947316', 0.05700000002980232], ['1', 0.0560000017285347], ['1019107402', 0.0010000000474974513], ['123', 0.0]]]","['Male', 1.0]","[56L, 0.5]","[162.10000610351562, 0.07999999821186066]","['19:16:23', '3', '16', 'September', '2009']",0,124
9496683,"[9.999999974752427e-07, [['1', 0.07100000232458115], ['1019107402', 0.07100000232458115], ['1052411482', 0.07100000232458115], ['123', 0.07100000232458115], ['20947316', 0.07100000232458115], ['2964414', 0.07100000232458115], ['3014218', 0.07100000232458115], ['314591', 0.07100000232458115], ['35489133', 0.07100000232458115], ['79278774', 0.07100000232458115], ['79397631', 0.07100000232458115], ['80431643', 0.07100000232458115], ['9496683', 0.07100000232458115], ['9515830', 0.07100000232458115]]]","['Female', 0.5]","[35L, 0L]","[164.6999969482422, 0.07999999821186066]","['19:19:57', '3', '16', 'September', '2009']",0,125
79397631,"[0.5649999976158142, [['79397631', 0.8709999918937683], ['2964414', 0.3370000123977661], ['1', 0.2590000033378601], ['79278774', 0.24799999594688416], ['9515830', 0.21799999475479126], ['1052411482', 0.21400000154972076], ['3014218', 0.1860000044107437], ['35489133', 0.15000000596046448], ['80431643', 0.10300000011920929], ['123', 0.09600000083446503], ['20947316', 0.07800000160932541], ['9496683', 0.07599999755620956], ['314591', 0.04100000113248825], ['1019107402', 0.012000000104308128]]]","['Male', 1.0]","[64L, 0.3330000042915344]","[160.8000030517578, 0.07999999821186066]","['19:24:04', '3', '16', 'September', '2009']",0,126
79278774,"[9.999999974752427e-07, [['1', 0.07100000232458115], ['1019107402', 0.07100000232458115], ['1052411482', 0.07100000232458115], ['123', 0.07100000232458115], ['20947316', 0.07100000232458115], ['2964414', 0.07100000232458115], ['3014218', 0.07100000232458115], ['314591', 0.07100000232458115], ['35489133', 0.07100000232458115], ['79278774', 0.07100000232458115], ['79397631', 0.07100000232458115], ['80431643', 0.07100000232458115], ['9496683', 0.07100000232458115], ['9515830', 0.07100000232458115]]]","['Female', 0.5]","[35L, 0L]","[182.8000030517578, 0.07999999821186066]","['19:28:03', '3', '16', 'September', '2009']",0,127
3014218,"[0.6779999732971191, [['3014218', 0.7279999852180481], ['1', 0.3149999976158142], ['2964414', 0.27300000190734863], ['9515830', 0.22200000286102295], ['79397631', 0.19300000369548798], ['79278774', 0.1679999977350235], ['35489133', 0.15800000727176666], ['9496683', 0.13699999451637268], ['80431643', 0.13500000536441803], ['314591', 0.10000000149011612], ['1019107402', 0.0729999989271164], ['1052411482', 0.020999999716877937], ['20947316', 0.0], ['123', 0.0]]]","['Male', 1.0]","[70L, 0.5]","[163.10000610351562, 0.07999999821186066]","['22:24:41', '3', '16', 'September', '2009']",0,128
3014218,"[0.6259999871253967, [['3014218', 0.6200000047683716], ['1', 0.2939999997615814], ['35489133', 0.26899999380111694], ['2964414', 0.26600000262260437], ['9496683', 0.1899999976158142], ['79278774', 0.1860000044107437], ['9515830', 0.1679999977350235], ['79397631', 0.1599999964237213], ['80431643', 0.12700000405311584], ['1052411482', 0.09200000017881393], ['314591', 0.07800000160932541], ['1019107402', 0.0430000014603138], ['20947316', 0.0], ['123', 0.0]]]","['Male', 1.0]","[60L, 0.25]","[160.39999389648438, 0.07999999821186066]","['22:35:48', '3', '16', 'September', '2009']",0,129
9515830,"[9.999999974752427e-07, [['1', 0.07100000232458115], ['1019107402', 0.07100000232458115], ['1052411482', 0.07100000232458115], ['123', 0.07100000232458115], ['20947316', 0.07100000232458115], ['2964414', 0.07100000232458115], ['3014218', 0.07100000232458115], ['314591', 0.07100000232458115], ['35489133', 0.07100000232458115], ['79278774', 0.07100000232458115], ['79397631', 0.07100000232458115], ['80431643', 0.07100000232458115], ['9496683', 0.07100000232458115], ['9515830', 0.07100000232458115]]]","['Female', 0.5]","[35L, 0L]","[170.39999389648438, 0.07999999821186066]","['19:08:29', '3', '16', 'September', '2009']",0,130
9515830,"[9.999999974752427e-07, [['1', 0.07100000232458115], ['1019107402', 0.07100000232458115], ['1052411482', 0.07100000232458115], ['123', 0.07100000232458115], ['20947316', 0.07100000232458115], ['2964414', 0.07100000232458115], ['3014218', 0.07100000232458115], ['314591', 0.07100000232458115], ['35489133', 0.07100000232458115], ['79278774', 0.07100000232458115], ['79397631', 0.07100000232458115], ['80431643', 0.07100000232458115], ['9496683', 0.07100000232458115], ['9515830', 0.07100000232458115]]]","['Female', 0.5]","[35L, 0L]","[162.89999389648438, 0.07999999821186066]","['19:18:10', '3', '16', 'September', '2009']",0,131
9515830,"[9.999999974752427e-07, [['1', 0.07100000232458115], ['1019107402', 0.07100000232458115], ['1052411482', 0.07100000232458115], ['123', 0.07100000232458115], ['20947316', 0.07100000232458115], ['2964414', 0.07100000232458115], ['3014218', 0.07100000232458115], ['314591', 0.07100000232458115], ['35489133', 0.07100000232458115], ['79278774', 0.07100000232458115], ['79397631', 0.07100000232458115], ['80431643', 0.07100000232458115], ['9496683', 0.07100000232458115], ['9515830', 0.07100000232458115]]]","['Female', 0.5]","[35L, 0L]","[159.1999969482422, 0.07999999821186066]","['19:24:55', '3', '16', 'September', '2009']",0,132
1,"[9.999999974752427e-07, [['1', 0.07100000232458115], ['1019107402', 0.07100000232458115], ['1052411482', 0.07100000232458115], ['123', 0.07100000232458115], ['20947316', 0.07100000232458115], ['2964414', 0.07100000232458115], ['3014218', 0.07100000232458115], ['314591', 0.07100000232458115], ['35489133', 0.07100000232458115], ['79278774', 0.07100000232458115], ['79397631', 0.07100000232458115], ['80431643', 0.07100000232458115], ['9496683', 0.07100000232458115], ['9515830', 0.07100000232458115]]]","['Female', 0.5]","[35L, 0L]","[157.0, 0.07999999821186066]","['20:05:28', '3', '16', 'September', '2009']",0,133
79397631,"[0.5680000185966492, [['79397631', 0.7549999952316284], ['2964414', 0.36000001430511475], ['79278774', 0.26600000262260437], ['1052411482', 0.24300000071525574], ['1', 0.24300000071525574], ['9515830', 0.2240000069141388], ['80431643', 0.14900000393390656], ['35489133', 0.14900000393390656], ['3014218', 0.13699999451637268], ['9496683', 0.11400000005960464], ['314591', 0.10700000077486038], ['123', 0.08500000089406967], ['20947316', 0.07800000160932541], ['1019107402', 0.0]]]","['Male', 0.925000011920929]","[60L, 0.3330000042915344]","[157.5, 0.07999999821186066]","['19:58:39', '3', '16', 'September', '2009']",0,134
314591,"[9.999999974752427e-07, [['1', 0.07100000232458115], ['1019107402', 0.07100000232458115], ['1052411482', 0.07100000232458115], ['123', 0.07100000232458115], ['20947316', 0.07100000232458115], ['2964414', 0.07100000232458115], ['3014218', 0.07100000232458115], ['314591', 0.07100000232458115], ['35489133', 0.07100000232458115], ['79278774', 0.07100000232458115], ['79397631', 0.07100000232458115], ['80431643', 0.07100000232458115], ['9496683', 0.07100000232458115], ['9515830', 0.07100000232458115]]]","['Female', 0.5]","[35L, 0L]","[165.5, 0.07999999821186066]","['19:17:33', '3', '16', 'September', '2009']",0,135
9515830,"[9.999999974752427e-07, [['1', 0.07100000232458115], ['1019107402', 0.07100000232458115], ['1052411482', 0.07100000232458115], ['123', 0.07100000232458115], ['20947316', 0.07100000232458115], ['2964414', 0.07100000232458115], ['3014218', 0.07100000232458115], ['314591', 0.07100000232458115], ['35489133', 0.07100000232458115], ['79278774', 0.07100000232458115], ['79397631', 0.07100000232458115], ['80431643', 0.07100000232458115], ['9496683', 0.07100000232458115], ['9515830', 0.07100000232458115]]]","['Female', 0.5]","[35L, 0L]","[158.89999389648438, 0.07999999821186066]","['19:27:45', '3', '16', 'September', '2009']",0,136
1,"[9.999999974752427e-07, [['1', 0.07100000232458115], ['1019107402', 0.07100000232458115], ['1052411482', 0.07100000232458115], ['123', 0.07100000232458115], ['20947316', 0.07100000232458115], ['2964414', 0.07100000232458115], ['3014218', 0.07100000232458115], ['314591', 0.07100000232458115], ['35489133', 0.07100000232458115], ['79278774', 0.07100000232458115], ['79397631', 0.07100000232458115], ['80431643', 0.07100000232458115], ['9496683', 0.07100000232458115], ['9515830', 0.07100000232458115]]]","['Female', 0.5]","[35L, 0L]","[157.5, 0.07999999821186066]","['20:25:54', '3', '16', 'September', '2009']",0,137
1,"[0.6100000143051147, [['1', 0.8920000195503235], ['2964414', 0.8830000162124634], ['80431643', 0.367000013589859], ['79397631', 0.26600000262260437], ['79278774', 0.2590000033378601], ['314591', 0.24799999594688416], ['3014218', 0.24799999594688416], ['9515830', 0.24799999594688416], ['1052411482', 0.15700000524520874], ['9496683', 0.10700000077486038], ['35489133', 0.10700000077486038], ['1019107402', 0.08500000089406967], ['123', 0.054999999701976776], ['20947316', 0.02500000037252903]]]","['Male', 0.9990000128746033]","[55L, 0.4000000059604645]","[169.0, 0.07999999821186066]","['20:39:02', '3', '16', 'September', '2009']",0,138
9496683,"[0.656000018119812, [['9496683', 0.9020000100135803], ['314591', 0.21400000154972076], ['79397631', 0.1509999930858612], ['3014218', 0.13699999451637268], ['9515830', 0.13500000536441803], ['1', 0.08799999952316284], ['35489133', 0.08500000089406967], ['2964414', 0.0820000022649765], ['79278774', 0.06599999964237213], ['1052411482', 0.05999999865889549], ['20947316', 0.009999999776482582], ['1019107402', 0.008999999612569809], ['80431643', 0.0], ['123', 0.0]]]","['Male', 1.0]","[56L, 0.5]","[157.60000610351562, 0.07999999821186066]","['19:13:05', '3', '16', 'September', '2009']",0,139
79397631,"[0.6489999890327454, [['79397631', 0.2160000056028366], ['9496683', 0.19599999487400055], ['3014218', 0.16300000250339508], ['35489133', 0.13199999928474426], ['2964414', 0.1289999932050705], ['1', 0.10300000011920929], ['79278774', 0.08500000089406967], ['9515830', 0.07800000160932541], ['20947316', 0.07100000232458115], ['314591', 0.04899999871850014], ['1052411482', 0.03700000047683716], ['1019107402', 0.0], ['80431643', 0.0], ['123', 0.0]]]","['Male', 1.0]","[48L, 0.2849999964237213]","[163.39999389648438, 0.07999999821186066]","['19:26:30', '3', '16', 'September', '2009']",0,140
314591,"[0.6940000057220459, [['79278774', 0.734000027179718], ['314591', 0.2720000147819519], ['2964414', 0.257999986410141], ['3014218', 0.2370000034570694], ['1', 0.22499999403953552], ['9496683', 0.17000000178813934], ['9515830', 0.15000000596046448], ['79397631', 0.12800000607967377], ['1052411482', 0.10999999940395355], ['80431643', 0.09399999678134918], ['35489133', 0.08699999749660492], ['123', 0.08299999684095383], ['1019107402', 0.039000000804662704], ['20947316', 0.01899999938905239]]]","['Male', 0.8109999895095825]","[51L, 0.6660000085830688]","[181.8000030517578, 0.07999999821186066]","['22:16:40', '3', '16', 'September', '2009']",0,141
79278774,"[9.999999974752427e-07, [['1', 0.07100000232458115], ['1019107402', 0.07100000232458115], ['1052411482', 0.07100000232458115], ['123', 0.07100000232458115], ['20947316', 0.07100000232458115], ['2964414', 0.07100000232458115], ['3014218', 0.07100000232458115], ['314591', 0.07100000232458115], ['35489133', 0.07100000232458115], ['79278774', 0.07100000232458115], ['79397631', 0.07100000232458115], ['80431643', 0.07100000232458115], ['9496683', 0.07100000232458115], ['9515830', 0.07100000232458115]]]","['Female', 0.5]","[35L, 0L]","[174.6999969482422, 0.07999999821186066]","['22:19:09', '3', '16', 'September', '2009']",0,142
3014218,"[0.7179999947547913, [['3014218', 0.949999988079071], ['1', 0.367000013589859], ['79278774', 0.30300000309944153], ['2964414', 0.29600000381469727], ['314591', 0.23800000548362732], ['9515830', 0.22499999403953552], ['79397631', 0.20200000703334808], ['35489133', 0.11500000208616257], ['80431643', 0.09000000357627869], ['9496683', 0.08699999749660492], ['1052411482', 0.0020000000949949026], ['1019107402', 0.0], ['20947316', 0.0], ['123', 0.0]]]","['Male', 0.9890000224113464]","[70L, 0.4000000059604645]","[162.5, 0.07999999821186066]","['01:20:17', '4', '17', 'September', '2009']",0,143
9515830,"[9.999999974752427e-07, [['1', 0.07100000232458115], ['1019107402', 0.07100000232458115], ['1052411482', 0.07100000232458115], ['123', 0.07100000232458115], ['20947316', 0.07100000232458115], ['2964414', 0.07100000232458115], ['3014218', 0.07100000232458115], ['314591', 0.07100000232458115], ['35489133', 0.07100000232458115], ['79278774', 0.07100000232458115], ['79397631', 0.07100000232458115], ['80431643', 0.07100000232458115], ['9496683', 0.07100000232458115], ['9515830', 0.07100000232458115]]]","['Female', 0.5]","[35L, 0L]","[168.39999389648438, 0.07999999821186066]","['19:15:03', '3', '16', 'September', '2009']",0,144
9515830,"[9.999999974752427e-07, [['1', 0.07100000232458115], ['1019107402', 0.07100000232458115], ['1052411482', 0.07100000232458115], ['123', 0.07100000232458115], ['20947316', 0.07100000232458115], ['2964414', 0.07100000232458115], ['3014218', 0.07100000232458115], ['314591', 0.07100000232458115], ['35489133', 0.07100000232458115], ['79278774', 0.07100000232458115], ['79397631', 0.07100000232458115], ['80431643', 0.07100000232458115], ['9496683', 0.07100000232458115], ['9515830', 0.07100000232458115]]]","['Female', 0.5]","[35L, 0L]","[179.6999969482422, 0.07999999821186066]","['19:18:30', '3', '16', 'September', '2009']",0,145
1,"[9.999999974752427e-07, [['1', 0.07100000232458115], ['1019107402', 0.07100000232458115], ['1052411482', 0.07100000232458115], ['123', 0.07100000232458115], ['20947316', 0.07100000232458115], ['2964414', 0.07100000232458115], ['3014218', 0.07100000232458115], ['314591', 0.07100000232458115], ['35489133', 0.07100000232458115], ['79278774', 0.07100000232458115], ['79397631', 0.07100000232458115], ['80431643', 0.07100000232458115], ['9496683', 0.07100000232458115], ['9515830', 0.07100000232458115]]]","['Female', 0.5]","[35L, 0L]","[197.0, 0.07999999821186066]","['20:15:00', '3', '16', 'September', '2009']",0,146
9496683,"[0.5339999794960022, [['9496683', 0.6190000176429749], ['35489133', 0.460999995470047], ['3014218', 0.2939999997615814], ['79397631', 0.23499999940395355], ['1052411482', 0.21299999952316284], ['314591', 0.17800000309944153], ['79278774', 0.14100000262260437], ['9515830', 0.13199999928474426], ['2964414', 0.12099999934434891], ['80431643', 0.07999999821186066], ['1', 0.06499999761581421], ['1019107402', 0.035999998450279236], ['20947316', 0.032999999821186066], ['123', 0.0]]]","['Male', 1.0]","[49L, 0.1420000046491623]","[170.8000030517578, 0.07999999821186066]","['19:26:44', '3', '16', 'September', '2009']",0,147
314591,"[0.5690000057220459, [['314591', 0.8659999966621399], ['9496683', 0.25600001215934753], ['1', 0.24699999392032623], ['79278774', 0.2240000069141388], ['2964414', 0.21400000154972076], ['79397631', 0.20200000703334808], ['1052411482', 0.19900000095367432], ['80431643', 0.16899999976158142], ['3014218', 0.16200000047683716], ['35489133', 0.15600000321865082], ['9515830', 0.14300000667572021], ['20947316', 0.039000000804662704], ['1019107402', 0.0], ['123', 0.0]]]","['Male', 1.0]","[33L, 0.6660000085830688]","[158.10000610351562, 0.07999999821186066]","['19:26:28', '3', '16', 'September', '2009']",0,148
79397631,"[0.6179999709129333, [['79397631', 0.6850000023841858], ['9496683', 0.34200000762939453], ['35489133', 0.25099998712539673], ['9515830', 0.23399999737739563], ['2964414', 0.21799999475479126], ['79278774', 0.1860000044107437], ['1052411482', 0.17100000381469727], ['3014218', 0.14300000667572021], ['20947316', 0.0860000029206276], ['314591', 0.07500000298023224], ['1', 0.07500000298023224], ['80431643', 0.07400000095367432], ['1019107402', 0.007000000216066837], ['123', 0.0]]]","['Male', 0.7450000047683716]","[70L, 0.5]","[161.89999389648438, 0.07999999821186066]","['20:20:22', '3', '16', 'September', '2009']",0,149
79397631,"[0.6840000152587891, [['79397631', 0.8939999938011169], ['2964414', 0.40299999713897705], ['79278774', 0.3269999921321869], ['1', 0.3179999887943268], ['9515830', 0.27799999713897705], ['3014218', 0.17000000178813934], ['35489133', 0.15700000524520874], ['1052411482', 0.14499999582767487], ['80431643', 0.12999999523162842], ['9496683', 0.12099999934434891], ['314591', 0.11400000005960464], ['1019107402', 0.05999999865889549], ['20947316', 0.05700000002980232], ['123', 0.05299999937415123]]]","['Male', 0.8859999775886536]","[63L, 0.4000000059604645]","[167.89999389648438, 0.07999999821186066]","['20:35:43', '3', '16', 'September', '2009']",0,150
79278774,"[0.6650000214576721, [['79278774', 0.6050000190734863], ['314591', 0.3400000035762787], ['79397631', 0.2549999952316284], ['3014218', 0.2240000069141388], ['2964414', 0.20999999344348907], ['9515830', 0.18000000715255737], ['1', 0.16699999570846558], ['1052411482', 0.14399999380111694], ['9496683', 0.11299999803304672], ['35489133', 0.09399999678134918], ['80431643', 0.07400000095367432], ['20947316', 0.0729999989271164], ['1019107402', 0.0020000000949949026], ['123', 0.0]]]","['Male', 0.6639999747276306]","[61L, 0.2849999964237213]","[168.1999969482422, 0.07999999821186066]","['19:18:34', '3', '16', 'September', '2009']",0,151
3014218,"[0.5699999928474426, [['3014218', 0.6620000004768372], ['1', 0.39399999380111694], ['2964414', 0.3190000057220459], ['9515830', 0.25699999928474426], ['79278774', 0.20800000429153442], ['79397631', 0.17800000309944153], ['35489133', 0.12399999797344208], ['1052411482', 0.11900000274181366], ['9496683', 0.11900000274181366], ['314591', 0.0989999994635582], ['80431643', 0.07000000029802322], ['1019107402', 0.03700000047683716], ['20947316', 0.003000000026077032], ['123', 0.0]]]","['Male', 0.7839999794960022]","[62L, 0.4000000059604645]","[162.39999389648438, 0.07999999821186066]","['19:18:10', '3', '16', 'September', '2009']",0,152
3014218,"[0.5619999766349792, [['3014218', 0.5889999866485596], ['314591', 0.289000004529953], ['1', 0.28299999237060547], ['2964414', 0.25999999046325684], ['9515830', 0.19499999284744263], ['79278774', 0.17800000309944153], ['79397631', 0.16899999976158142], ['9496683', 0.1120000034570694], ['80431643', 0.08699999749660492], ['35489133', 0.08500000089406967], ['1052411482', 0.03099999949336052], ['1019107402', 0.0], ['20947316', 0.0], ['123', 0.0]]]","['Male', 0.9980000257492065]","[68L, 0.6660000085830688]","[167.60000610351562, 0.07999999821186066]","['19:21:07', '3', '16', 'September', '2009']",0,153
3014218,"[0.6940000057220459, [['3014218', 0.9399999976158142], ['1', 0.3970000147819519], ['2964414', 0.3089999854564667], ['79278774', 0.24699999392032623], ['314591', 0.19599999487400055], ['79397631', 0.16899999976158142], ['9515830', 0.15800000727176666], ['35489133', 0.13099999725818634], ['80431643', 0.09799999743700027], ['9496683', 0.08799999952316284], ['1052411482', 0.024000000208616257], ['1019107402', 0.023000000044703484], ['20947316', 0.0], ['123', 0.0]]]","['Male', 1.0]","[68L, 0.5]","[155.3000030517578, 0.07999999821186066]","['19:24:21', '3', '16', 'September', '2009']",0,154
314591,"[0.5619999766349792, [['314591', 0.7129999995231628], ['9496683', 0.30399999022483826], ['2964414', 0.23600000143051147], ['1', 0.23199999332427979], ['79278774', 0.2150000035762787], ['1052411482', 0.19900000095367432], ['9515830', 0.1720000058412552], ['3014218', 0.16899999976158142], ['35489133', 0.1379999965429306], ['79397631', 0.13199999928474426], ['80431643', 0.12600000202655792], ['123', 0.06499999761581421], ['1019107402', 0.024000000208616257], ['20947316', 0.0]]]","['Male', 1.0]","[32L, 0.5]","[166.89999389648438, 0.07999999821186066]","['19:19:03', '3', '16', 'September', '2009']",0,155
9515830,"[9.999999974752427e-07, [['1', 0.07100000232458115], ['1019107402', 0.07100000232458115], ['1052411482', 0.07100000232458115], ['123', 0.07100000232458115], ['20947316', 0.07100000232458115], ['2964414', 0.07100000232458115], ['3014218', 0.07100000232458115], ['314591', 0.07100000232458115], ['35489133', 0.07100000232458115], ['79278774', 0.07100000232458115], ['79397631', 0.07100000232458115], ['80431643', 0.07100000232458115], ['9496683', 0.07100000232458115], ['9515830', 0.07100000232458115]]]","['Female', 0.5]","[35L, 0L]","[156.10000610351562, 0.07999999821186066]","['19:12:02', '3', '16', 'September', '2009']",0,156
1,"[0.7850000262260437, [['1', 1.0], ['2964414', 0.8709999918937683], ['3014218', 0.4779999852180481], ['79397631', 0.2939999997615814], ['9515830', 0.28999999165534973], ['79278774', 0.2669999897480011], ['80431643', 0.257999986410141], ['314591', 0.1940000057220459], ['35489133', 0.13099999725818634], ['1052411482', 0.12700000405311584], ['9496683', 0.10000000149011612], ['1019107402', 0.07800000160932541], ['20947316', 0.0], ['123', 0.0]]]","['Male', 0.8870000243186951]","[60L, 0.4000000059604645]","[169.10000610351562, 0.07999999821186066]","['20:16:21', '3', '16', 'September', '2009']",0,157
9496683,"[0.6890000104904175, [['9496683', 0.921999990940094], ['314591', 0.23000000417232513], ['79397631', 0.1860000044107437], ['9515830', 0.11599999666213989], ['35489133', 0.10400000214576721], ['1052411482', 0.09399999678134918], ['3014218', 0.09399999678134918], ['79278774', 0.07999999821186066], ['2964414', 0.05700000002980232], ['1019107402', 0.023000000044703484], ['20947316', 0.0], ['80431643', 0.0], ['123', 0.0], ['1', 0.0]]]","['Male', 0.9789999723434448]","[53L, 0.6660000085830688]","[162.39999389648438, 0.07999999821186066]","['02:14:08', '4', '17', 'September', '2009']",0,158
79397631,"[0.7789999842643738, [['79397631', 0.703000009059906], ['2964414', 0.21699999272823334], ['3014218', 0.2029999941587448], ['9496683', 0.20100000500679016], ['79278774', 0.19300000369548798], ['1052411482', 0.16599999368190765], ['35489133', 0.1550000011920929], ['1', 0.13099999725818634], ['9515830', 0.125], ['314591', 0.10899999737739563], ['20947316', 0.09200000017881393], ['80431643', 0.07599999755620956], ['123', 0.07100000232458115], ['1019107402', 0.0]]]","['Male', 1.0]","[72L, 0.6660000085830688]","[160.5, 0.07999999821186066]","['19:19:21', '3', '16', 'September', '2009']",0,159
79278774,"[0.5590000152587891, [['1', 0.23999999463558197], ['2964414', 0.20200000703334808], ['9515830', 0.1940000057220459], ['3014218', 0.18000000715255737], ['314591', 0.08100000023841858], ['80431643', 0.06300000101327896], ['79278774', 0.03799999877810478], ['1052411482', 0.032999999821186066], ['1019107402', 0.02500000037252903], ['9496683', 0.014999999664723873], ['79397631', 0.00800000037997961], ['20947316', 0.0], ['123', 0.0], ['35489133', 0.0]]]","['Female', 0.5849999785423279]","[38L, 0.11699999868869781]","[180.6999969482422, 0.07999999821186066]","['22:21:18', '3', '16', 'September', '2009']",0,160
