I,F,G,A,H,T,R
1020813120,"[0.7720000147819519, [['1020813120', 0.9710000157356262], ['1026295355', 0.35199999809265137], ['1020814482', 0.26499998569488525], ['1015468211', 0.24699999392032623], ['1010224167', 0.19300000369548798], ['1019115391', 0.1720000058412552], ['1031137228', 0.16500000655651093], ['1019107402', 0.1080000028014183], ['1049644393', 0.07199999690055847], ['1014258880', 0.05400000140070915]]]","[['Female', 0.7540000081062317], ['Male', 0.2459999918937683]]","[21L, 0.5]","[159.3000030517578, 0.07999999821186066]",815,1
1072709246,"[0.6899999976158142, [['1072709246', 1.0], ['1019115391', 0.39399999380111694], ['1019107402', 0.2939999997615814], ['1010224167', 0.29100000858306885], ['1049644393', 0.1979999989271164], ['1020814482', 0.18000000715255737], ['1031137228', 0.16500000655651093], ['1020813120', 0.13300000131130219], ['1015468211', 0.09300000220537186], ['1026295355', 0.050999999046325684], ['1014258880', 0.0]]]","[['Female', 0.0], ['Male', 1.0]]","[27L, 0.5]","[154.6999969482422, 0.07999999821186066]",815,1
1102878153,"[0.8600000143051147, [['1102878153', 1.0], ['1020813120', 0.3019999861717224], ['1010224167', 0.29899999499320984], ['1020814482', 0.23000000417232513], ['1026295355', 0.21400000154972076], ['1019115391', 0.20499999821186066], ['1015468211', 0.2029999941587448], ['1031137228', 0.18199999630451202], ['1072709246', 0.1550000011920929], ['1019107402', 0.10700000077486038], ['1049644393', 0.06800000369548798], ['1014258880', 0.006000000052154064]]]","[['Female', 0.777999997138977], ['Male', 0.22200000286102295]]","[24L, 0.5]","[162.10000610351562, 0.07999999821186066]",816,1
436994,"[0.6859999895095825, [['436994', 1.0], ['1031137228', 0.4099999964237213], ['1019107402', 0.3959999978542328], ['1072709246', 0.31700000166893005], ['1019115391', 0.25999999046325684], ['1010224167', 0.12099999934434891], ['1026295355', 0.09700000286102295], ['1102878153', 0.09300000220537186], ['1020814482', 0.0820000022649765], ['1015468211', 0.06599999964237213], ['1049644393', 0.054999999701976776], ['1020813120', 0.03200000151991844], ['1014258880', 0.0]]]","[['Female', 0.0], ['Male', 1.0]]","[29L, 0.6660000085830688]","[158.60000610351562, 0.07999999821186066]",816,1
1073518685,"[0.7649999856948853, [['1073518685', 1.0], ['1072709246', 0.4569999873638153], ['1019115391', 0.4440000057220459], ['1010224167', 0.3140000104904175], ['436994', 0.23499999940395355], ['1049644393', 0.23000000417232513], ['1020814482', 0.21299999952316284], ['1019107402', 0.12600000202655792], ['1031137228', 0.10999999940395355], ['1015468211', 0.0989999994635582], ['1102878153', 0.09099999815225601], ['1020813120', 0.07900000363588333], ['1026295355', 0.07400000095367432], ['1014258880', 0.0]]]","[['Female', 0.0], ['Male', 1.0]]","[32L, 0.5]","[158.8000030517578, 0.07999999821186066]",817,1
1126242201,"[0.6840000152587891, [['1126242201', 1.0], ['1026295355', 0.3529999852180481], ['1020813120', 0.29499998688697815], ['1020814482', 0.22100000083446503], ['1015468211', 0.1599999964237213], ['1019115391', 0.13199999928474426], ['1010224167', 0.11699999868869781], ['1019107402', 0.11400000005960464], ['1102878153', 0.10999999940395355], ['1014258880', 0.09799999743700027], ['1049644393', 0.08299999684095383], ['1031137228', 0.061000000685453415], ['1072709246', 0.05700000002980232], ['436994', 0.03799999877810478], ['1073518685', 0.0]]]","[['Female', 0.49000000953674316], ['Male', 0.5099999904632568]]","[22L, 0.4000000059604645]","[165.60000610351562, 0.07999999821186066]",818,1
1022422154,"[0.7239999771118164, [['1022422154', 1.0], ['1020814482', 0.3050000071525574], ['1019115391', 0.27799999713897705], ['1049644393', 0.20800000429153442], ['1126242201', 0.20800000429153442], ['1020813120', 0.20399999618530273], ['1072709246', 0.1720000058412552], ['1026295355', 0.16699999570846558], ['1102878153', 0.1379999965429306], ['1015468211', 0.13099999725818634], ['1031137228', 0.12300000339746475], ['1010224167', 0.11599999666213989], ['1073518685', 0.06700000166893005], ['1019107402', 0.052000001072883606], ['436994', 0.0430000014603138], ['1014258880', 0.023000000044703484]]]","[['Female', 0.12099999189376831], ['Male', 0.8790000081062317]]","[24L, 0.5]","[165.5, 0.07999999821186066]",818,1
1094962099,"[0.7459999918937683, [['1094962099', 1.0], ['1026295355', 0.375], ['1022422154', 0.28200000524520874], ['1020813120', 0.164000004529953], ['1102878153', 0.1340000033378601], ['1020814482', 0.12399999797344208], ['1015468211', 0.12300000339746475], ['1126242201', 0.1080000028014183], ['436994', 0.0860000029206276], ['1031137228', 0.08100000023841858], ['1049644393', 0.07999999821186066], ['1019115391', 0.07699999958276749], ['1010224167', 0.041999999433755875], ['1072709246', 0.014000000432133675], ['1019107402', 0.012000000104308128], ['1014258880', 0.0], ['1073518685', 0.0]]]","[['Female', 0.8529999852180481], ['Male', 0.1470000147819519]]","[19L, 0.6660000085830688]","[158.10000610351562, 0.07999999821186066]",819,1
1001269777,"[0.7310000061988831, [['1001269777', 1.0], ['1022422154', 0.2680000066757202], ['1020813120', 0.23100000619888306], ['1031137228', 0.1979999989271164], ['1126242201', 0.19200000166893005], ['1010224167', 0.18799999356269836], ['1072709246', 0.17800000309944153], ['1020814482', 0.17299999296665192], ['1019115391', 0.16200000047683716], ['1094962099', 0.15000000596046448], ['1073518685', 0.14000000059604645], ['1026295355', 0.13500000536441803], ['1049644393', 0.08900000154972076], ['1102878153', 0.07400000095367432], ['436994', 0.07000000029802322], ['1015468211', 0.06499999761581421], ['1019107402', 0.06199999898672104], ['1014258880', 0.05999999865889549]]]","[['Female', 0.2940000295639038], ['Male', 0.7059999704360962]]","[21L, 0.6660000085830688]","[161.10000610351562, 0.07999999821186066]",820,1
1020804505,"[0.6830000281333923, [['1020804505', 1.0], ['1094962099', 0.3149999976158142], ['1026295355', 0.30399999022483826], ['1102878153', 0.2409999966621399], ['1015468211', 0.21299999952316284], ['1020813120', 0.210999995470047], ['1019115391', 0.10000000149011612], ['1020814482', 0.10000000149011612], ['1126242201', 0.09600000083446503], ['436994', 0.09099999815225601], ['1022422154', 0.08799999952316284], ['1031137228', 0.08299999684095383], ['1019107402', 0.0689999982714653], ['1001269777', 0.06800000369548798], ['1010224167', 0.05299999937415123], ['1049644393', 0.024000000208616257], ['1014258880', 0.019999999552965164], ['1073518685', 0.003000000026077032], ['1072709246', 0.0]]]","[['Female', 0.847000002861023], ['Male', 0.15299999713897705]]","[20L, 0.4000000059604645]","[163.0, 0.07999999821186066]",821,1
1020815953,"[0.6510000228881836, [['1020815953', 1.0], ['436994', 0.4860000014305115], ['1019107402', 0.4569999873638153], ['1031137228', 0.4480000138282776], ['1072709246', 0.3370000123977661], ['1073518685', 0.2939999997615814], ['1019115391', 0.19599999487400055], ['1010224167', 0.15600000321865082], ['1020814482', 0.09600000083446503], ['1026295355', 0.0949999988079071], ['1126242201', 0.09300000220537186], ['1049644393', 0.08299999684095383], ['1022422154', 0.0820000022649765], ['1020804505', 0.07400000095367432], ['1094962099', 0.06800000369548798], ['1020813120', 0.057999998331069946], ['1001269777', 0.0560000017285347], ['1015468211', 0.05299999937415123], ['1102878153', 0.05299999937415123], ['1014258880', 0.0]]]","[['Female', 0.0], ['Male', 1.0]]","[37L, 0.20000000298023224]","[175.8000030517578, 0.07999999821186066]",821,1
1020804987,"[0.7950000166893005, [['1020804987', 1.0], ['1020813120', 0.30399999022483826], ['1102878153', 0.2809999883174896], ['1020804505', 0.2290000021457672], ['1026295355', 0.20100000500679016], ['1020814482', 0.17499999701976776], ['1019115391', 0.13199999928474426], ['1094962099', 0.1289999932050705], ['1010224167', 0.10700000077486038], ['436994', 0.10599999874830246], ['1126242201', 0.09200000017881393], ['1031137228', 0.08799999952316284], ['1001269777', 0.08699999749660492], ['1073518685', 0.07500000298023224], ['1019107402', 0.07100000232458115], ['1015468211', 0.06700000166893005], ['1072709246', 0.06499999761581421], ['1049644393', 0.035999998450279236], ['1022422154', 0.006000000052154064], ['1014258880', 0.0], ['1020815953', 0.0]]]","[['Female', 0.8100000023841858], ['Male', 0.1899999976158142]]","[23L, 0.6660000085830688]","[161.3000030517578, 0.07999999821186066]",822,1
1015468796,"[0.8529999852180481, [['1015468796', 1.0], ['1001269777', 0.32499998807907104], ['1020814482', 0.25600001215934753], ['1019115391', 0.2290000021457672], ['1022422154', 0.2280000001192093], ['1031137228', 0.2150000035762787], ['1020813120', 0.20200000703334808], ['1010224167', 0.1850000023841858], ['1072709246', 0.1850000023841858], ['1126242201', 0.18400000035762787], ['1015468211', 0.17000000178813934], ['1102878153', 0.1420000046491623], ['1019107402', 0.1379999965429306], ['1073518685', 0.13099999725818634], ['1020804505', 0.12099999934434891], ['1026295355', 0.11999999731779099], ['436994', 0.10599999874830246], ['1049644393', 0.07500000298023224], ['1094962099', 0.07500000298023224], ['1020804987', 0.05700000002980232], ['1020815953', 0.052000001072883606], ['1014258880', 0.0]]]","[['Female', 0.1600000262260437], ['Male', 0.8399999737739563]]","[26L, 0.6660000085830688]","[164.6999969482422, 0.07999999821186066]",823,1
1014258880,"[0.7990000247955322, [['1014258880', 0.7239999771118164], ['1026295355', 0.4740000069141388], ['1020804505', 0.32100000977516174], ['1022422154', 0.3199999928474426], ['1020813120', 0.2840000092983246], ['1020814482', 0.2529999911785126], ['1015468211', 0.24699999392032623], ['1010224167', 0.2280000001192093], ['1031137228', 0.20399999618530273], ['1019115391', 0.19499999284744263], ['1102878153', 0.1599999964237213], ['1020804987', 0.1599999964237213], ['1126242201', 0.15399999916553497], ['1019107402', 0.13500000536441803], ['1094962099', 0.1289999932050705], ['1015468796', 0.12399999797344208], ['1049644393', 0.10199999809265137], ['1072709246', 0.09099999815225601], ['1073518685', 0.06700000166893005], ['1020815953', 0.06199999898672104], ['1001269777', 0.05299999937415123], ['436994', 0.04800000041723251]]]","[['Female', 0.7789999842643738], ['Male', 0.22100001573562622]]","[21L, 0.5]","[155.0, 0.07999999821186066]",824,1
52883703,"[0.7120000123977661, [['52883703', 1.0], ['1014258880', 0.2540000081062317], ['1020804505', 0.15199999511241913], ['1026295355', 0.1379999965429306], ['1126242201', 0.09399999678134918], ['1020804987', 0.08799999952316284], ['1102878153', 0.07699999958276749], ['1015468211', 0.07100000232458115], ['1031137228', 0.06400000303983688], ['1010224167', 0.057999998331069946], ['1020814482', 0.05700000002980232], ['1022422154', 0.0560000017285347], ['1094962099', 0.050999999046325684], ['1019107402', 0.03799999877810478], ['1019115391', 0.02800000086426735], ['1015468796', 0.008999999612569809], ['1020813120', 0.007000000216066837], ['1049644393', 0.0], ['1072709246', 0.0], ['436994', 0.0], ['1073518685', 0.0], ['1001269777', 0.0], ['1020815953', 0.0]]]","[['Female', 0.7310000061988831], ['Male', 0.26899999380111694]]","[29L, 0.3330000042915344]","[159.5, 0.07999999821186066]",827,1
1031150558,"[0.7730000019073486, [['1031150558', 1.0], ['1022422154', 0.25600001215934753], ['1019115391', 0.23399999737739563], ['1020814482', 0.19300000369548798], ['1049644393', 0.17599999904632568], ['1126242201', 0.16200000047683716], ['1031137228', 0.1599999964237213], ['1015468796', 0.1589999943971634], ['1001269777', 0.13600000739097595], ['1014258880', 0.1340000033378601], ['1026295355', 0.11800000071525574], ['1010224167', 0.11500000208616257], ['1020813120', 0.0989999994635582], ['1020804987', 0.09600000083446503], ['1019107402', 0.07800000160932541], ['436994', 0.07500000298023224], ['1102878153', 0.0689999982714653], ['1072709246', 0.061000000685453415], ['1020804505', 0.05999999865889549], ['1094962099', 0.054999999701976776], ['1015468211', 0.05299999937415123], ['1073518685', 0.027000000700354576], ['1020815953', 0.0], ['52883703', 0.0]]]","[['Female', 0.04100000858306885], ['Male', 0.9589999914169312]]","[29L, 0.5]","[151.6999969482422, 0.07999999821186066]",828,1
1020814482,"[0.6899999976158142, [['1020814482', 0.9350000023841858], ['1126242201', 0.3319999873638153], ['1020813120', 0.328000009059906], ['1019115391', 0.29499998688697815], ['1102878153', 0.27300000190734863], ['1020804987', 0.25099998712539673], ['1022422154', 0.24500000476837158], ['1010224167', 0.24300000071525574], ['1014258880', 0.23899999260902405], ['1015468796', 0.20600000023841858], ['1019107402', 0.1860000044107437], ['1026295355', 0.164000004529953], ['1020804505', 0.1509999930858612], ['1015468211', 0.14100000262260437], ['1094962099', 0.13500000536441803], ['1001269777', 0.12999999523162842], ['1031137228', 0.12300000339746475], ['436994', 0.0949999988079071], ['52883703', 0.09399999678134918], ['1031150558', 0.09200000017881393], ['1073518685', 0.06800000369548798], ['1072709246', 0.061000000685453415], ['1049644393', 0.027000000700354576], ['1020815953', 0.0]]]","[['Female', 0.19099998474121094], ['Male', 0.8090000152587891]]","[21L, 0.5]","[186.39999389648438, 0.07999999821186066]",805,1
1026582059,"[0.5770000219345093, [['1026582059', 1.0], ['1010224167', 0.30300000309944153], ['1020814482', 0.28700000047683716], ['1019115391', 0.2590000033378601], ['1102878153', 0.23399999737739563], ['1126242201', 0.22499999403953552], ['1020813120', 0.22300000488758087], ['1001269777', 0.22100000083446503], ['1015468796', 0.21899999678134918], ['1019107402', 0.210999995470047], ['1014258880', 0.20900000631809235], ['1072709246', 0.1979999989271164], ['1022422154', 0.1979999989271164], ['1026295355', 0.19300000369548798], ['1073518685', 0.16699999570846558], ['1031137228', 0.1509999930858612], ['1031150558', 0.15000000596046448], ['1020815953', 0.1459999978542328], ['1020804505', 0.11900000274181366], ['1015468211', 0.09099999815225601], ['1094962099', 0.08100000023841858], ['1020804987', 0.07900000363588333], ['436994', 0.050999999046325684], ['52883703', 0.03500000014901161], ['1049644393', 0.00800000037997961]]]","[['Female', 0.3320000171661377], ['Male', 0.6679999828338623]]","[23L, 0.2849999964237213]","[185.10000610351562, 0.07999999821186066]",806,1
1015461098,"[0.6499999761581421, [['1015461098', 1.0], ['1026582059', 0.44699999690055847], ['1015468796', 0.3700000047683716], ['1022422154', 0.3269999921321869], ['1126242201', 0.2849999964237213], ['1020814482', 0.2759999930858612], ['1010224167', 0.27399998903274536], ['1020813120', 0.20600000023841858], ['1026295355', 0.19900000095367432], ['1014258880', 0.1940000057220459], ['1001269777', 0.18299999833106995], ['1019115391', 0.15199999511241913], ['1031137228', 0.13600000739097595], ['1015468211', 0.13300000131130219], ['1102878153', 0.12399999797344208], ['1031150558', 0.12099999934434891], ['1020815953', 0.10000000149011612], ['1019107402', 0.0949999988079071], ['1073518685', 0.0949999988079071], ['1020804987', 0.09300000220537186], ['1020804505', 0.07199999690055847], ['52883703', 0.07100000232458115], ['1072709246', 0.06700000166893005], ['1049644393', 0.06400000303983688], ['1094962099', 0.050999999046325684], ['436994', 0.0]]]","[['Female', 0.30800002813339233], ['Male', 0.6919999718666077]]","[18L, 1.0]","[165.39999389648438, 0.07999999821186066]",806,1
1078372140,"[0.847000002861023, [['1078372140', 1.0], ['1094962099', 0.37400001287460327], ['1020813120', 0.3440000116825104], ['1020804987', 0.2919999957084656], ['1026295355', 0.2800000011920929], ['1014258880', 0.21699999272823334], ['1102878153', 0.20499999821186066], ['1020804505', 0.20200000703334808], ['1015468211', 0.15000000596046448], ['1022422154', 0.14399999380111694], ['1126242201', 0.14000000059604645], ['1001269777', 0.1340000033378601], ['1020814482', 0.09600000083446503], ['1019115391', 0.09300000220537186], ['1010224167', 0.08399999886751175], ['1019107402', 0.0820000022649765], ['1031150558', 0.07999999821186066], ['1026582059', 0.07500000298023224], ['1031137228', 0.0729999989271164], ['436994', 0.06800000369548798], ['1015468796', 0.06800000369548798], ['1020815953', 0.05700000002980232], ['1072709246', 0.054999999701976776], ['1015461098', 0.050999999046325684], ['52883703', 0.03799999877810478], ['1049644393', 0.035999998450279236], ['1073518685', 0.0020000000949949026]]]","[['Female', 0.7699999809265137], ['Male', 0.23000001907348633]]","[17L, 0.4000000059604645]","[158.5, 0.07999999821186066]",807,1
1016079347,"[0.5659999847412109, [['1016079347', 1.0], ['1031137228', 0.4350000023841858], ['1019107402', 0.3779999911785126], ['1020815953', 0.27000001072883606], ['1010224167', 0.25200000405311584], ['1015461098', 0.2460000067949295], ['1001269777', 0.22599999606609344], ['1020813120', 0.2070000022649765], ['1015468796', 0.20000000298023224], ['1102878153', 0.18000000715255737], ['1078372140', 0.1589999943971634], ['1026582059', 0.15000000596046448], ['436994', 0.1459999978542328], ['1019115391', 0.14399999380111694], ['1094962099', 0.14399999380111694], ['1126242201', 0.1340000033378601], ['1020804505', 0.12600000202655792], ['1072709246', 0.10700000077486038], ['1020814482', 0.10599999874830246], ['1014258880', 0.10199999809265137], ['1022422154', 0.10000000149011612], ['1026295355', 0.09700000286102295], ['1073518685', 0.09099999815225601], ['1020804987', 0.08500000089406967], ['1015468211', 0.05900000035762787], ['1049644393', 0.0], ['52883703', 0.0], ['1031150558', 0.0]]]","[['Female', 0.003000020980834961], ['Male', 0.996999979019165]]","[22L, 0.6660000085830688]","[166.3000030517578, 0.07999999821186066]",808,1
1032473955,"[0.628000020980835, [['1032473955', 1.0], ['1010224167', 0.3140000104904175], ['1014258880', 0.3109999895095825], ['1019115391', 0.29899999499320984], ['1026582059', 0.26100000739097595], ['1020815953', 0.25200000405311584], ['1001269777', 0.24699999392032623], ['1031137228', 0.23499999940395355], ['1026295355', 0.20200000703334808], ['1073518685', 0.1899999976158142], ['1126242201', 0.1809999942779541], ['1015461098', 0.17900000512599945], ['1020814482', 0.16300000250339508], ['436994', 0.16099999845027924], ['1022422154', 0.1589999943971634], ['1016079347', 0.1589999943971634], ['1015468211', 0.1459999978542328], ['1015468796', 0.1459999978542328], ['1072709246', 0.13600000739097595], ['1020813120', 0.13300000131130219], ['1019107402', 0.11900000274181366], ['1102878153', 0.11100000143051147], ['1078372140', 0.10100000351667404], ['1020804505', 0.0689999982714653], ['1031150558', 0.0689999982714653], ['1020804987', 0.06199999898672104], ['52883703', 0.03999999910593033], ['1049644393', 0.03799999877810478], ['1094962099', 0.0]]]","[['Female', 0.17900002002716064], ['Male', 0.8209999799728394]]","[27L, 0.4000000059604645]","[159.6999969482422, 0.07999999821186066]",808,1
1052401998,"[0.7609999775886536, [['1052401998', 1.0], ['1001269777', 0.36000001430511475], ['1015468796', 0.3409999907016754], ['1022422154', 0.3009999990463257], ['1126242201', 0.30000001192092896], ['1010224167', 0.2919999957084656], ['1031150558', 0.28700000047683716], ['1020814482', 0.2639999985694885], ['1094962099', 0.2370000034570694], ['1026295355', 0.2240000069141388], ['1020813120', 0.2160000056028366], ['1015461098', 0.19699999690055847], ['1019115391', 0.19499999284744263], ['1026582059', 0.19200000166893005], ['1102878153', 0.18400000035762787], ['1020804987', 0.17800000309944153], ['1016079347', 0.15600000321865082], ['1032473955', 0.14900000393390656], ['1078372140', 0.13300000131130219], ['1014258880', 0.11999999731779099], ['1031137228', 0.1120000034570694], ['1073518685', 0.10000000149011612], ['436994', 0.09399999678134918], ['1020815953', 0.0860000029206276], ['1020804505', 0.07699999958276749], ['1072709246', 0.0729999989271164], ['1049644393', 0.07199999690055847], ['1015468211', 0.07100000232458115], ['1019107402', 0.06199999898672104], ['52883703', 0.014000000432133675]]]","[['Female', 0.2990000247955322], ['Male', 0.7009999752044678]]","[25L, 0.6660000085830688]","[161.3000030517578, 0.07999999821186066]",809,1
1031137228,"[0.6290000081062317, [['1031137228', 0.9729999899864197], ['1020815953', 0.5630000233650208], ['1019107402', 0.5299999713897705], ['436994', 0.3720000088214874], ['1016079347', 0.36000001430511475], ['1014258880', 0.24199999868869781], ['1010224167', 0.2329999953508377], ['1032473955', 0.17900000512599945], ['1102878153', 0.16099999845027924], ['1019115391', 0.1599999964237213], ['1015468796', 0.15700000524520874], ['1026295355', 0.1509999930858612], ['1015461098', 0.14300000667572021], ['1072709246', 0.12999999523162842], ['1020813120', 0.125], ['1026582059', 0.125], ['1001269777', 0.12300000339746475], ['1031150558', 0.1080000028014183], ['1022422154', 0.10400000214576721], ['1073518685', 0.10100000351667404], ['1052401998', 0.10100000351667404], ['1020804505', 0.09399999678134918], ['1015468211', 0.09000000357627869], ['1126242201', 0.0860000029206276], ['52883703', 0.07999999821186066], ['1020814482', 0.07500000298023224], ['1094962099', 0.05999999865889549], ['1078372140', 0.050999999046325684], ['1020804987', 0.0430000014603138], ['1049644393', 0.0]]]","[['Female', 0.11500000953674316], ['Male', 0.8849999904632568]]","[27L, 0.2849999964237213]","[179.10000610351562, 0.07999999821186066]",807,1
1031137228,"[9.999999974752427e-07, [['1001269777', 0.032999999821186066], ['1010224167', 0.032999999821186066], ['1014258880', 0.032999999821186066], ['1015461098', 0.032999999821186066], ['1015468211', 0.032999999821186066], ['1015468796', 0.032999999821186066], ['1016079347', 0.032999999821186066], ['1019107402', 0.032999999821186066], ['1019115391', 0.032999999821186066], ['1020804505', 0.032999999821186066], ['1020804987', 0.032999999821186066], ['1020813120', 0.032999999821186066], ['1020814482', 0.032999999821186066], ['1020815953', 0.032999999821186066], ['1022422154', 0.032999999821186066], ['1026295355', 0.032999999821186066], ['1026582059', 0.032999999821186066], ['1031137228', 0.032999999821186066], ['1031150558', 0.032999999821186066], ['1032473955', 0.032999999821186066], ['1049644393', 0.032999999821186066], ['1052401998', 0.032999999821186066], ['1072709246', 0.032999999821186066], ['1073518685', 0.032999999821186066], ['1078372140', 0.032999999821186066], ['1094962099', 0.032999999821186066], ['1102878153', 0.032999999821186066], ['1126242201', 0.032999999821186066], ['436994', 0.032999999821186066], ['52883703', 0.032999999821186066]]]","[['Female', 0.5], ['Male', 0.5]]","[35L, 0L]","[186.89999389648438, 0.07999999821186066]",809,0
1031137228,"[0.6470000147819519, [['1031137228', 0.996999979019165], ['1020815953', 0.5569999814033508], ['1019107402', 0.5379999876022339], ['1016079347', 0.4429999887943268], ['436994', 0.4180000126361847], ['1010224167', 0.25200000405311584], ['1102878153', 0.2370000034570694], ['1019115391', 0.21299999952316284], ['1014258880', 0.21299999952316284], ['1020813120', 0.20999999344348907], ['1072709246', 0.17800000309944153], ['1032473955', 0.1679999977350235], ['1015468796', 0.1589999943971634], ['1026582059', 0.15600000321865082], ['1026295355', 0.1420000046491623], ['1001269777', 0.12800000607967377], ['1015461098', 0.12800000607967377], ['1022422154', 0.12200000137090683], ['1052401998', 0.12099999934434891], ['1073518685', 0.11299999803304672], ['1031150558', 0.10899999737739563], ['1020804987', 0.0949999988079071], ['1020804505', 0.09399999678134918], ['1020814482', 0.09000000357627869], ['1078372140', 0.08299999684095383], ['1126242201', 0.07400000095367432], ['1015468211', 0.06499999761581421], ['1094962099', 0.06199999898672104], ['52883703', 0.01899999938905239], ['1049644393', 0.0]]]","[['Female', 0.08600002527236938], ['Male', 0.9139999747276306]]","[16L, 0.6660000085830688]","[170.10000610351562, 0.07999999821186066]",810,0
1026586874,"[0.7549999952316284, [['1026586874', 1.0], ['1052401998', 0.2460000067949295], ['1016079347', 0.2290000021457672], ['1015461098', 0.20999999344348907], ['1010224167', 0.1860000044107437], ['1020814482', 0.18000000715255737], ['1102878153', 0.17000000178813934], ['1019115391', 0.14800000190734863], ['1026582059', 0.1459999978542328], ['1001269777', 0.14300000667572021], ['1020813120', 0.14000000059604645], ['1020804987', 0.12700000405311584], ['1126242201', 0.12600000202655792], ['1015468796', 0.12399999797344208], ['1078372140', 0.11800000071525574], ['1094962099', 0.10400000214576721], ['1026295355', 0.09700000286102295], ['1015468211', 0.0860000029206276], ['1072709246', 0.07400000095367432], ['1020804505', 0.06599999964237213], ['1032473955', 0.0560000017285347], ['1022422154', 0.052000001072883606], ['52883703', 0.050999999046325684], ['1019107402', 0.035999998450279236], ['1073518685', 0.03099999949336052], ['1031137228', 0.028999999165534973], ['1031150558', 0.02199999988079071], ['1049644393', 0.0], ['1014258880', 0.0], ['436994', 0.0], ['1020815953', 0.0]]]","[['Female', 0.20099997520446777], ['Male', 0.7990000247955322]]","[21L, 1.0]","[173.60000610351562, 0.07999999821186066]",811,1
1031137228,"[0.5450000166893005, [['436994', 0.2160000056028366], ['1020815953', 0.18799999356269836], ['1019115391', 0.1459999978542328], ['1010224167', 0.11299999803304672], ['1016079347', 0.10599999874830246], ['1031137228', 0.10199999809265137], ['1078372140', 0.0989999994635582], ['1020804505', 0.09799999743700027], ['1019107402', 0.09000000357627869], ['1032473955', 0.07400000095367432], ['1015461098', 0.04500000178813934], ['1020804987', 0.023000000044703484], ['1020813120', 0.00800000037997961], ['1049644393', 0.0], ['1020814482', 0.0], ['1015468211', 0.0], ['1026295355', 0.0], ['1014258880', 0.0], ['1072709246', 0.0], ['1102878153', 0.0], ['1073518685', 0.0], ['1126242201', 0.0], ['1022422154', 0.0], ['1094962099', 0.0], ['1001269777', 0.0], ['1015468796', 0.0], ['52883703', 0.0], ['1031150558', 0.0], ['1026582059', 0.0], ['1052401998', 0.0], ['1026586874', 0.0]]]","[['Female', 0.0], ['Male', 1.0]]","[44L, 0.20000000298023224]","[178.60000610351562, 0.07999999821186066]",811,0
1020821129,"[0.7559999823570251, [['1020821129', 1.0], ['1015468796', 0.4860000014305115], ['1052401998', 0.3319999873638153], ['1015461098', 0.24400000274181366], ['1010224167', 0.21199999749660492], ['1020814482', 0.2070000022649765], ['1031150558', 0.20399999618530273], ['1026582059', 0.19699999690055847], ['1126242201', 0.17599999904632568], ['1019115391', 0.1720000058412552], ['1020813120', 0.16699999570846558], ['1019107402', 0.1589999943971634], ['1001269777', 0.15800000727176666], ['1020804987', 0.1550000011920929], ['1026295355', 0.15000000596046448], ['1032473955', 0.15000000596046448], ['1022422154', 0.14900000393390656], ['1073518685', 0.11900000274181366], ['1026586874', 0.11500000208616257], ['1016079347', 0.10599999874830246], ['1014258880', 0.09399999678134918], ['1102878153', 0.08799999952316284], ['1020804505', 0.08399999886751175], ['1094962099', 0.08100000023841858], ['1072709246', 0.06199999898672104], ['1031137228', 0.05700000002980232], ['1015468211', 0.0560000017285347], ['1049644393', 0.03400000184774399], ['1078372140', 0.023000000044703484], ['436994', 0.019999999552965164], ['52883703', 0.004000000189989805], ['1020815953', 0.0]]]","[['Female', 0.12000000476837158], ['Male', 0.8799999952316284]]","[31L, 0.5]","[159.8000030517578, 0.07999999821186066]",812,1
550555,"[0.7509999871253967, [['550555', 1.0], ['1020813120', 0.45100000500679016], ['1014258880', 0.2669999897480011], ['1015468796', 0.2639999985694885], ['1015461098', 0.2280000001192093], ['1020804987', 0.22599999606609344], ['1026582059', 0.21699999272823334], ['1015468211', 0.1899999976158142], ['1026295355', 0.1850000023841858], ['1126242201', 0.164000004529953], ['1102878153', 0.1599999964237213], ['1052401998', 0.14900000393390656], ['1031150558', 0.14499999582767487], ['1078372140', 0.14499999582767487], ['1010224167', 0.13699999451637268], ['1031137228', 0.12600000202655792], ['1001269777', 0.11299999803304672], ['1022422154', 0.10599999874830246], ['1020814482', 0.09700000286102295], ['1016079347', 0.09000000357627869], ['1020804505', 0.08500000089406967], ['1032473955', 0.08399999886751175], ['1049644393', 0.0820000022649765], ['1026586874', 0.08100000023841858], ['1020821129', 0.08100000023841858], ['1019115391', 0.07699999958276749], ['1019107402', 0.07699999958276749], ['1072709246', 0.07699999958276749], ['52883703', 0.05999999865889549], ['1020815953', 0.04699999839067459], ['1094962099', 0.006000000052154064], ['436994', 0.0], ['1073518685', 0.0]]]","[['Female', 0.8339999914169312], ['Male', 0.16600000858306885]]","[22L, 0.4000000059604645]","[169.39999389648438, 0.07999999821186066]",812,1
1020828667,"[0.5740000009536743, [['1020828667', 1.0], ['1031137228', 0.35499998927116394], ['1019107402', 0.29100000858306885], ['1014258880', 0.23199999332427979], ['436994', 0.2160000056028366], ['1020815953', 0.1940000057220459], ['1026295355', 0.17000000178813934], ['1016079347', 0.15600000321865082], ['1026582059', 0.12700000405311584], ['1094962099', 0.11900000274181366], ['550555', 0.10899999737739563], ['1015461098', 0.10000000149011612], ['1073518685', 0.09200000017881393], ['1032473955', 0.08900000154972076], ['1020813120', 0.07599999755620956], ['1126242201', 0.07400000095367432], ['1015468796', 0.0729999989271164], ['1031150558', 0.0729999989271164], ['1022422154', 0.07100000232458115], ['1015468211', 0.06599999964237213], ['1020814482', 0.06499999761581421], ['1102878153', 0.06199999898672104], ['1010224167', 0.061000000685453415], ['1020804505', 0.05999999865889549], ['1078372140', 0.057999998331069946], ['52883703', 0.054999999701976776], ['1019115391', 0.050999999046325684], ['1052401998', 0.0430000014603138], ['1049644393', 0.0], ['1072709246', 0.0], ['1001269777', 0.0], ['1020804987', 0.0], ['1026586874', 0.0], ['1020821129', 0.0]]]","[['Female', 0.7319999933242798], ['Male', 0.2680000066757202]]","[53L, 0.3330000042915344]","[176.0, 0.07999999821186066]",813,1
550555,"[0.7620000243186951, [['550555', 0.9549999833106995], ['1020813120', 0.3919999897480011], ['1015461098', 0.335999995470047], ['1014258880', 0.3100000023841858], ['1015468796', 0.2849999964237213], ['1010224167', 0.2669999897480011], ['1026582059', 0.25699999928474426], ['1015468211', 0.2529999911785126], ['1026295355', 0.23899999260902405], ['1102878153', 0.22300000488758087], ['1031137228', 0.17900000512599945], ['1020804987', 0.17299999296665192], ['1019107402', 0.1599999964237213], ['52883703', 0.15600000321865082], ['1126242201', 0.15199999511241913], ['1052401998', 0.15000000596046448], ['1020828667', 0.12700000405311584], ['1016079347', 0.11800000071525574], ['1032473955', 0.11699999868869781], ['1078372140', 0.11299999803304672], ['1020821129', 0.1080000028014183], ['1031150558', 0.10499999672174454], ['1019115391', 0.09799999743700027], ['1001269777', 0.09000000357627869], ['1022422154', 0.0860000029206276], ['1072709246', 0.0820000022649765], ['1020814482', 0.07599999755620956], ['1026586874', 0.06300000101327896], ['1020804505', 0.054999999701976776], ['1020815953', 0.050999999046325684], ['1049644393', 0.0], ['436994', 0.0], ['1073518685', 0.0], ['1094962099', 0.0]]]","[['Female', 0.921999990940094], ['Male', 0.078000009059906]]","[17L, 0.5]","[174.10000610351562, 0.07999999821186066]",813,0
1031137228,"[9.999999974752427e-07, [['1001269777', 0.028999999165534973], ['1010224167', 0.028999999165534973], ['1014258880', 0.028999999165534973], ['1015461098', 0.028999999165534973], ['1015468211', 0.028999999165534973], ['1015468796', 0.028999999165534973], ['1016079347', 0.028999999165534973], ['1019107402', 0.028999999165534973], ['1019115391', 0.028999999165534973], ['1020804505', 0.028999999165534973], ['1020804987', 0.028999999165534973], ['1020813120', 0.028999999165534973], ['1020814482', 0.028999999165534973], ['1020815953', 0.028999999165534973], ['1020821129', 0.028999999165534973], ['1020828667', 0.028999999165534973], ['1022422154', 0.028999999165534973], ['1026295355', 0.028999999165534973], ['1026582059', 0.028999999165534973], ['1026586874', 0.028999999165534973], ['1031137228', 0.028999999165534973], ['1031150558', 0.028999999165534973], ['1032473955', 0.028999999165534973], ['1049644393', 0.028999999165534973], ['1052401998', 0.028999999165534973], ['1072709246', 0.028999999165534973], ['1073518685', 0.028999999165534973], ['1078372140', 0.028999999165534973], ['1094962099', 0.028999999165534973], ['1102878153', 0.028999999165534973], ['1126242201', 0.028999999165534973], ['436994', 0.028999999165534973], ['52883703', 0.028999999165534973], ['550555', 0.028999999165534973]]]","[['Female', 0.5], ['Male', 0.5]]","[35L, 0L]","[190.89999389648438, 0.07999999821186066]",814,0
1031137228,"[0.6370000243186951, [['1031137228', 0.972000002861023], ['1019107402', 0.46299999952316284], ['1016079347', 0.4259999990463257], ['436994', 0.4189999997615814], ['1020815953', 0.37299999594688416], ['1102878153', 0.2770000100135803], ['1019115391', 0.24899999797344208], ['1020828667', 0.24699999392032623], ['1014258880', 0.23999999463558197], ['1015468796', 0.23399999737739563], ['1032473955', 0.2029999941587448], ['1010224167', 0.1979999989271164], ['1020813120', 0.1889999955892563], ['1022422154', 0.15399999916553497], ['1001269777', 0.15399999916553497], ['1026582059', 0.15299999713897705], ['1072709246', 0.14000000059604645], ['1026295355', 0.13600000739097595], ['1020804505', 0.13099999725818634], ['1052401998', 0.12999999523162842], ['1031150558', 0.1289999932050705], ['1020814482', 0.11999999731779099], ['1015461098', 0.11299999803304672], ['1073518685', 0.10999999940395355], ['1015468211', 0.10899999737739563], ['1020804987', 0.10000000149011612], ['52883703', 0.0989999994635582], ['550555', 0.0989999994635582], ['1126242201', 0.09799999743700027], ['1078372140', 0.09700000286102295], ['1094962099', 0.09600000083446503], ['1026586874', 0.06700000166893005], ['1020821129', 0.05700000002980232], ['1049644393', 0.0]]]","[['Female', 0.09399998188018799], ['Male', 0.906000018119812]]","[19L, 1.0]","[173.6999969482422, 0.07999999821186066]",814,0
1013640808,"[0.6439999938011169, [['1013640808', 1.0], ['1020815953', 0.3799999952316284], ['436994', 0.3700000047683716], ['1019115391', 0.31200000643730164], ['1072709246', 0.28299999237060547], ['1032473955', 0.27799999713897705], ['1073518685', 0.2549999952316284], ['1020813120', 0.24199999868869781], ['1031137228', 0.23499999940395355], ['1010224167', 0.22300000488758087], ['1019107402', 0.20800000429153442], ['1014258880', 0.17100000381469727], ['1020804987', 0.17100000381469727], ['1026582059', 0.15600000321865082], ['1126242201', 0.13500000536441803], ['1026295355', 0.12200000137090683], ['1016079347', 0.11999999731779099], ['1001269777', 0.1120000034570694], ['1020814482', 0.10999999940395355], ['1015468796', 0.10499999672174454], ['1102878153', 0.10300000011920929], ['1020804505', 0.09799999743700027], ['1020821129', 0.09799999743700027], ['1020828667', 0.0949999988079071], ['1078372140', 0.09200000017881393], ['1094962099', 0.08900000154972076], ['1052401998', 0.08799999952316284], ['1049644393', 0.0729999989271164], ['550555', 0.07000000029802322], ['1015468211', 0.06499999761581421], ['1015461098', 0.05900000035762787], ['1031150558', 0.050999999046325684], ['1022422154', 0.04699999839067459], ['52883703', 0.0], ['1026586874', 0.0]]]","[['Female', 0.0], ['Male', 1.0]]","[35L, 0.6660000085830688]","[175.10000610351562, 0.07999999821186066]",815,1
1020813120,"[0.7229999899864197, [['1020813120', 0.7760000228881836], ['550555', 0.414000004529953], ['1015468211', 0.40799999237060547], ['1026295355', 0.3330000042915344], ['1078372140', 0.3179999887943268], ['1014258880', 0.2720000147819519], ['1102878153', 0.26499998569488525], ['1010224167', 0.25600001215934753], ['1020804505', 0.21899999678134918], ['1126242201', 0.20600000023841858], ['1013640808', 0.18299999833106995], ['1026582059', 0.18199999630451202], ['1019115391', 0.17399999499320984], ['1020814482', 0.1720000058412552], ['1032473955', 0.16599999368190765], ['1015468796', 0.15800000727176666], ['1020804987', 0.13500000536441803], ['1001269777', 0.1340000033378601], ['1022422154', 0.12800000607967377], ['1052401998', 0.12399999797344208], ['1015461098', 0.1080000028014183], ['1094962099', 0.10499999672174454], ['1020821129', 0.10499999672174454], ['1049644393', 0.10100000351667404], ['1026586874', 0.09799999743700027], ['1016079347', 0.09399999678134918], ['1020828667', 0.09099999815225601], ['1072709246', 0.08799999952316284], ['1019107402', 0.07500000298023224], ['1031137228', 0.07100000232458115], ['1020815953', 0.05999999865889549], ['1031150558', 0.03799999877810478], ['1073518685', 0.03700000047683716], ['436994', 0.0], ['52883703', 0.0]]]","[['Female', 0.796999990940094], ['Male', 0.203000009059906]]","[24L, 0.22200000286102295]","[161.0, 0.07999999821186066]",815,0
1031137228,"[0.5839999914169312, [['1031137228', 0.7250000238418579], ['1019107402', 0.34599998593330383], ['436994', 0.32499998807907104], ['1015468796', 0.30399999022483826], ['1019115391', 0.2680000066757202], ['1014258880', 0.2590000033378601], ['1001269777', 0.2529999911785126], ['1013640808', 0.24300000071525574], ['1010224167', 0.2280000001192093], ['1016079347', 0.22599999606609344], ['1020815953', 0.2160000056028366], ['1020813120', 0.19699999690055847], ['1026295355', 0.17599999904632568], ['1072709246', 0.16599999368190765], ['1020828667', 0.16599999368190765], ['1022422154', 0.15199999511241913], ['1032473955', 0.14499999582767487], ['1020814482', 0.14399999380111694], ['1015468211', 0.13300000131130219], ['1094962099', 0.13199999928474426], ['1102878153', 0.13099999725818634], ['1073518685', 0.11400000005960464], ['1026582059', 0.10199999809265137], ['1126242201', 0.10000000149011612], ['1078372140', 0.09600000083446503], ['1049644393', 0.09200000017881393], ['1020804505', 0.0860000029206276], ['1031150558', 0.0860000029206276], ['1015461098', 0.0820000022649765], ['1026586874', 0.07699999958276749], ['550555', 0.07400000095367432], ['1052401998', 0.07000000029802322], ['1020821129', 0.05900000035762787], ['1020804987', 0.020999999716877937], ['52883703', 0.004999999888241291]]]","[['Female', 0.1629999876022339], ['Male', 0.8370000123977661]]","[27L, 0.25]","[163.60000610351562, 0.07999999821186066]",816,0
1031137228,"[0.7549999952316284, [['1031137228', 0.8100000023841858], ['1019107402', 0.4729999899864197], ['1020828667', 0.36000001430511475], ['1020815953', 0.328000009059906], ['1016079347', 0.328000009059906], ['436994', 0.29899999499320984], ['1013640808', 0.2409999966621399], ['1010224167', 0.23800000548362732], ['1019115391', 0.210999995470047], ['1032473955', 0.20600000023841858], ['1001269777', 0.1940000057220459], ['1026582059', 0.16500000655651093], ['1014258880', 0.1589999943971634], ['1015461098', 0.13099999725818634], ['1031150558', 0.11599999666213989], ['1020813120', 0.11400000005960464], ['1026295355', 0.10999999940395355], ['1015468796', 0.10300000011920929], ['1020814482', 0.10100000351667404], ['550555', 0.10000000149011612], ['1102878153', 0.09600000083446503], ['1072709246', 0.09300000220537186], ['1022422154', 0.09000000357627869], ['1052401998', 0.09000000357627869], ['1073518685', 0.08699999749660492], ['1020804987', 0.0689999982714653], ['1126242201', 0.06800000369548798], ['1026586874', 0.06599999964237213], ['1020804505', 0.06300000101327896], ['52883703', 0.05400000140070915], ['1078372140', 0.05299999937415123], ['1015468211', 0.017999999225139618], ['1049644393', 0.0], ['1094962099', 0.0], ['1020821129', 0.0]]]","[['Female', 0.046000003814697266], ['Male', 0.9539999961853027]]","[27L, 0.5]","[154.6999969482422, 0.07999999821186066]",816,0
1020813120,"[0.7480000257492065, [['1020813120', 0.9549999833106995], ['1078372140', 0.37599998712539673], ['1102878153', 0.3319999873638153], ['550555', 0.3149999976158142], ['1013640808', 0.2809999883174896], ['1010224167', 0.2770000100135803], ['1020804987', 0.2720000147819519], ['1026295355', 0.2709999978542328], ['1031137228', 0.2460000067949295], ['1014258880', 0.21799999475479126], ['1020804505', 0.20900000631809235], ['1020814482', 0.19900000095367432], ['1015468211', 0.1899999976158142], ['1094962099', 0.15700000524520874], ['1126242201', 0.14000000059604645], ['1026582059', 0.13500000536441803], ['1016079347', 0.1340000033378601], ['1052401998', 0.1340000033378601], ['1022422154', 0.12300000339746475], ['1019115391', 0.12200000137090683], ['1072709246', 0.12099999934434891], ['1001269777', 0.11900000274181366], ['1015461098', 0.10899999737739563], ['1019107402', 0.09700000286102295], ['1020821129', 0.0949999988079071], ['1032473955', 0.08799999952316284], ['1015468796', 0.0860000029206276], ['1026586874', 0.0860000029206276], ['1020815953', 0.07100000232458115], ['1031150558', 0.0689999982714653], ['1049644393', 0.05400000140070915], ['436994', 0.05299999937415123], ['1073518685', 0.017999999225139618], ['1020828667', 0.003000000026077032], ['52883703', 0.0]]]","[['Female', 1.0], ['Male', 0.0]]","[22L, 1.0]","[162.0, 0.07999999821186066]",819,0
1019115391,"[0.7450000047683716, [['1019115391', 0.5879999995231628], ['1072709246', 0.4099999964237213], ['436994', 0.36899998784065247], ['1010224167', 0.34200000762939453], ['1020814482', 0.3050000071525574], ['1073518685', 0.2939999997615814], ['1020821129', 0.28700000047683716], ['1020804987', 0.2720000147819519], ['1015468796', 0.2549999952316284], ['1102878153', 0.25], ['1013640808', 0.25], ['1052401998', 0.2370000034570694], ['1019107402', 0.23399999737739563], ['1026586874', 0.2070000022649765], ['1032473955', 0.19300000369548798], ['1016079347', 0.13899999856948853], ['1031137228', 0.1379999965429306], ['1078372140', 0.12700000405311584], ['1026582059', 0.11800000071525574], ['1014258880', 0.10599999874830246], ['1015468211', 0.09200000017881393], ['1031150558', 0.08900000154972076], ['1001269777', 0.08699999749660492], ['1020804505', 0.08500000089406967], ['1020813120', 0.07999999821186066], ['1020815953', 0.07800000160932541], ['1026295355', 0.07199999690055847], ['1049644393', 0.05999999865889549], ['1015461098', 0.05400000140070915], ['1126242201', 0.03999999910593033], ['1022422154', 0.02199999988079071], ['550555', 0.014000000432133675], ['1094962099', 0.004000000189989805], ['52883703', 0.0], ['1020828667', 0.0]]]","[['Female', 0.0], ['Male', 1.0]]","[26L, 1.0]","[198.3000030517578, 0.07999999821186066]",820,1
1010224167,"[0.6449999809265137, [['1010224167', 0.9229999780654907], ['1020821129', 0.3529999852180481], ['1073518685', 0.30300000309944153], ['1019115391', 0.2809999883174896], ['1102878153', 0.2809999883174896], ['1015461098', 0.2809999883174896], ['1016079347', 0.2759999930858612], ['1072709246', 0.27399998903274536], ['1020813120', 0.2709999978542328], ['1026582059', 0.2669999897480011], ['1015468796', 0.2529999911785126], ['1020814482', 0.23899999260902405], ['1032473955', 0.22300000488758087], ['1019107402', 0.20900000631809235], ['1001269777', 0.20900000631809235], ['1014258880', 0.20100000500679016], ['1052401998', 0.18400000035762787], ['550555', 0.17900000512599945], ['1020804987', 0.15700000524520874], ['1013640808', 0.13699999451637268], ['1026295355', 0.13099999725818634], ['1026586874', 0.11800000071525574], ['1126242201', 0.1120000034570694], ['1031137228', 0.10599999874830246], ['1031150558', 0.07999999821186066], ['1022422154', 0.07800000160932541], ['1049644393', 0.07500000298023224], ['1020804505', 0.07500000298023224], ['436994', 0.07400000095367432], ['1020815953', 0.07400000095367432], ['1015468211', 0.06700000166893005], ['1078372140', 0.06199999898672104], ['52883703', 0.05900000035762787], ['1094962099', 0.0], ['1020828667', 0.0]]]","[['Female', 0.0], ['Male', 1.0]]","[29L, 0.6660000085830688]","[170.3000030517578, 0.07999999821186066]",820,1
1007386914,"[0.6190000176429749, [['1007386914', 1.0], ['1031137228', 0.5139999985694885], ['1019107402', 0.4230000078678131], ['1016079347', 0.4169999957084656], ['1020815953', 0.40400001406669617], ['436994', 0.3959999978542328], ['1020828667', 0.3240000009536743], ['1102878153', 0.23499999940395355], ['1019115391', 0.16599999368190765], ['1032473955', 0.16300000250339508], ['1026582059', 0.15800000727176666], ['1078372140', 0.15800000727176666], ['1013640808', 0.15000000596046448], ['1015468796', 0.13600000739097595], ['1020804505', 0.13199999928474426], ['1010224167', 0.12800000607967377], ['1094962099', 0.12800000607967377], ['1052401998', 0.12399999797344208], ['1126242201', 0.11800000071525574], ['1001269777', 0.11299999803304672], ['1026295355', 0.11100000143051147], ['1020814482', 0.10100000351667404], ['1073518685', 0.10000000149011612], ['1015468211', 0.0989999994635582], ['1022422154', 0.09000000357627869], ['1020813120', 0.08900000154972076], ['1015461098', 0.08799999952316284], ['1031150558', 0.08500000089406967], ['1020821129', 0.08299999684095383], ['1020804987', 0.08100000023841858], ['550555', 0.07699999958276749], ['1026586874', 0.07400000095367432], ['1014258880', 0.0729999989271164], ['1072709246', 0.06199999898672104], ['1049644393', 0.0], ['52883703', 0.0]]]","[['Female', 0.36500000953674316], ['Male', 0.6349999904632568]]","[25L, 0.6660000085830688]","[172.39999389648438, 0.07999999821186066]",826,1
1075688475,"[0.6000000238418579, [['1075688475', 1.0], ['1007386914', 0.5260000228881836], ['1016079347', 0.4749999940395355], ['1031137228', 0.4650000035762787], ['1019107402', 0.4390000104904175], ['436994', 0.33799999952316284], ['1020815953', 0.2759999930858612], ['1052401998', 0.24300000071525574], ['1019115391', 0.23100000619888306], ['1015468796', 0.22300000488758087], ['1102878153', 0.20499999821186066], ['1010224167', 0.1979999989271164], ['1026582059', 0.19300000369548798], ['1020814482', 0.16699999570846558], ['1020828667', 0.16500000655651093], ['1073518685', 0.164000004529953], ['1032473955', 0.14900000393390656], ['1072709246', 0.1420000046491623], ['1022422154', 0.1420000046491623], ['1001269777', 0.13899999856948853], ['1094962099', 0.1379999965429306], ['1020813120', 0.12800000607967377], ['1013640808', 0.12099999934434891], ['1014258880', 0.11599999666213989], ['1015461098', 0.11599999666213989], ['1015468211', 0.10000000149011612], ['1020804505', 0.09600000083446503], ['1126242201', 0.07999999821186066], ['1049644393', 0.07900000363588333], ['1026295355', 0.07800000160932541], ['1078372140', 0.07599999755620956], ['550555', 0.07000000029802322], ['1020821129', 0.06199999898672104], ['1026586874', 0.052000001072883606], ['52883703', 0.03799999877810478], ['1020804987', 0.03500000014901161], ['1031150558', 0.026000000536441803]]]","[['Female', 0.3149999976158142], ['Male', 0.6850000023841858]]","[39L, 0.1420000046491623]","[160.89999389648438, 0.07999999821186066]",826,1
1018515455,"[0.5740000009536743, [['1018515455', 1.0], ['1020813120', 0.3370000123977661], ['1026295355', 0.3109999895095825], ['1078372140', 0.3059999942779541], ['1031137228', 0.30300000309944153], ['1052401998', 0.2930000126361847], ['1016079347', 0.2809999883174896], ['1020815953', 0.210999995470047], ['1075688475', 0.18799999356269836], ['1019107402', 0.18199999630451202], ['550555', 0.17599999904632568], ['1007386914', 0.17399999499320984], ['1014258880', 0.16699999570846558], ['1020804505', 0.16599999368190765], ['1094962099', 0.16300000250339508], ['1020804987', 0.15399999916553497], ['1026582059', 0.13899999856948853], ['1102878153', 0.13699999451637268], ['436994', 0.13600000739097595], ['1126242201', 0.13600000739097595], ['1020828667', 0.12999999523162842], ['1001269777', 0.12800000607967377], ['1015468796', 0.12600000202655792], ['1010224167', 0.12200000137090683], ['1013640808', 0.11900000274181366], ['1022422154', 0.11100000143051147], ['1032473955', 0.11100000143051147], ['1015461098', 0.07900000363588333], ['1020821129', 0.07599999755620956], ['1019115391', 0.0689999982714653], ['1026586874', 0.06700000166893005], ['1031150558', 0.06499999761581421], ['1020814482', 0.061000000685453415], ['1015468211', 0.05999999865889549], ['52883703', 0.05400000140070915], ['1072709246', 0.05299999937415123], ['1049644393', 0.0], ['1073518685', 0.0]]]","[['Female', 1.0], ['Male', 0.0]]","[31L, 0.4000000059604645]","[157.60000610351562, 0.07999999821186066]",827,1
1020824328,"[0.6340000033378601, [['1020824328', 1.0], ['1010224167', 0.3499999940395355], ['1020813120', 0.3230000138282776], ['1014258880', 0.3140000104904175], ['1020814482', 0.27000001072883606], ['1019107402', 0.24699999392032623], ['1019115391', 0.21699999272823334], ['1073518685', 0.19900000095367432], ['1031137228', 0.19300000369548798], ['1015461098', 0.18299999833106995], ['1026582059', 0.17800000309944153], ['1016079347', 0.1770000010728836], ['1015468796', 0.16599999368190765], ['1072709246', 0.16200000047683716], ['1026295355', 0.1599999964237213], ['1013640808', 0.1550000011920929], ['550555', 0.15199999511241913], ['52883703', 0.1469999998807907], ['1026586874', 0.13500000536441803], ['1015468211', 0.13199999928474426], ['1075688475', 0.12700000405311584], ['1020821129', 0.125], ['1102878153', 0.10400000214576721], ['1032473955', 0.10199999809265137], ['1020804987', 0.10000000149011612], ['1020804505', 0.08699999749660492], ['1007386914', 0.0820000022649765], ['1022422154', 0.07999999821186066], ['1020815953', 0.07000000029802322], ['1052401998', 0.0689999982714653], ['1126242201', 0.06700000166893005], ['1018515455', 0.057999998331069946], ['436994', 0.0560000017285347], ['1049644393', 0.05299999937415123], ['1031150558', 0.0430000014603138], ['1001269777', 0.03999999910593033], ['1020828667', 0.00800000037997961], ['1094962099', 0.0], ['1078372140', 0.0]]]","[['Female', 0.0], ['Male', 1.0]]","[30L, 0.6660000085830688]","[157.39999389648438, 0.07999999821186066]",827,1
1000611763,"[0.7319999933242798, [['1000611763', 1.0], ['1007386914', 0.5600000023841858], ['1031137228', 0.5379999876022339], ['1016079347', 0.4359999895095825], ['1019107402', 0.3840000033378601], ['1075688475', 0.3659999966621399], ['1015461098', 0.30399999022483826], ['1015468796', 0.3009999990463257], ['1020815953', 0.2980000078678131], ['436994', 0.28600001335144043], ['1010224167', 0.26899999380111694], ['1018515455', 0.21899999678134918], ['1026582059', 0.2150000035762787], ['1020828667', 0.210999995470047], ['1032473955', 0.19300000369548798], ['1052401998', 0.1889999955892563], ['550555', 0.18299999833106995], ['1019115391', 0.18000000715255737], ['1013640808', 0.1720000058412552], ['1102878153', 0.1679999977350235], ['1020824328', 0.164000004529953], ['1015468211', 0.1459999978542328], ['1001269777', 0.13300000131130219], ['1031150558', 0.1289999932050705], ['1078372140', 0.12800000607967377], ['1126242201', 0.12200000137090683], ['1020804987', 0.1080000028014183], ['1073518685', 0.10499999672174454], ['1022422154', 0.10400000214576721], ['1020821129', 0.10100000351667404], ['1072709246', 0.10000000149011612], ['1020814482', 0.09700000286102295], ['1020813120', 0.09000000357627869], ['1026295355', 0.09000000357627869], ['1094962099', 0.08699999749660492], ['1026586874', 0.08299999684095383], ['1014258880', 0.07999999821186066], ['1020804505', 0.07699999958276749], ['52883703', 0.04399999976158142], ['1049644393', 0.0]]]","[['Female', 0.0], ['Male', 1.0]]","[23L, 1.0]","[157.89999389648438, 0.07999999821186066]",828,1
1015481751,"[0.6669999957084656, [['1015481751', 1.0], ['1078372140', 0.44200000166893005], ['1020813120', 0.42899999022483826], ['1026295355', 0.33000001311302185], ['1018515455', 0.29899999499320984], ['550555', 0.28299999237060547], ['1014258880', 0.2750000059604645], ['1015468211', 0.25699999928474426], ['1020804505', 0.23899999260902405], ['1126242201', 0.23499999940395355], ['1094962099', 0.22100000083446503], ['1102878153', 0.19200000166893005], ['1022422154', 0.18199999630451202], ['1020814482', 0.17100000381469727], ['1052401998', 0.17100000381469727], ['1000611763', 0.15700000524520874], ['1020804987', 0.15199999511241913], ['1026582059', 0.14399999380111694], ['1007386914', 0.14399999380111694], ['52883703', 0.14300000667572021], ['1001269777', 0.14000000059604645], ['1019115391', 0.1379999965429306], ['1015468796', 0.1289999932050705], ['1015461098', 0.12700000405311584], ['1020824328', 0.12700000405311584], ['1075688475', 0.125], ['1016079347', 0.12200000137090683], ['1026586874', 0.11800000071525574], ['1019107402', 0.09099999815225601], ['1010224167', 0.08799999952316284], ['1049644393', 0.07699999958276749], ['1032473955', 0.07599999755620956], ['1013640808', 0.07400000095367432], ['1031150558', 0.07000000029802322], ['1072709246', 0.06800000369548798], ['436994', 0.0560000017285347], ['1031137228', 0.054999999701976776], ['1020815953', 0.05400000140070915], ['1020821129', 0.05299999937415123], ['1020828667', 0.05299999937415123], ['1073518685', 0.0]]]","[['Female', 0.7889999747276306], ['Male', 0.21100002527236938]]","[18L, 0.6660000085830688]","[174.6999969482422, 0.07999999821186066]",829,1
1007669144,"[0.6899999976158142, [['1007669144', 1.0], ['1015468796', 0.3580000102519989], ['1015461098', 0.3179999887943268], ['1026586874', 0.2750000059604645], ['1010224167', 0.26100000739097595], ['1000611763', 0.23999999463558197], ['1020821129', 0.23499999940395355], ['1019115391', 0.21400000154972076], ['1020814482', 0.20499999821186066], ['1016079347', 0.2029999941587448], ['1020824328', 0.1979999989271164], ['1020804987', 0.1850000023841858], ['550555', 0.15399999916553497], ['1102878153', 0.14900000393390656], ['1015481751', 0.14100000262260437], ['1019107402', 0.12700000405311584], ['1014258880', 0.12600000202655792], ['1015468211', 0.12399999797344208], ['1026582059', 0.11900000274181366], ['1020804505', 0.10300000011920929], ['1073518685', 0.10100000351667404], ['1001269777', 0.09600000083446503], ['1075688475', 0.09099999815225601], ['1026295355', 0.08900000154972076], ['1052401998', 0.08500000089406967], ['1072709246', 0.0820000022649765], ['1020813120', 0.07699999958276749], ['1018515455', 0.07400000095367432], ['1022422154', 0.0729999989271164], ['1031150558', 0.0729999989271164], ['1126242201', 0.07199999690055847], ['1007386914', 0.06800000369548798], ['1032473955', 0.06199999898672104], ['436994', 0.05900000035762787], ['52883703', 0.05700000002980232], ['1078372140', 0.05700000002980232], ['1013640808', 0.035999998450279236], ['1031137228', 0.026000000536441803], ['1049644393', 0.010999999940395355], ['1094962099', 0.007000000216066837], ['1020815953', 0.0], ['1020828667', 0.0]]]","[['Female', 0.1980000138282776], ['Male', 0.8019999861717224]]","[23L, 1.0]","[157.6999969482422, 0.07999999821186066]",830,1
1000832665,"[0.574999988079071, [['1000832665', 1.0], ['1007386914', 0.6570000052452087], ['1031137228', 0.6209999918937683], ['1075688475', 0.6179999709129333], ['1019107402', 0.4869999885559082], ['1000611763', 0.47099998593330383], ['1016079347', 0.41999998688697815], ['1020815953', 0.34299999475479126], ['1026582059', 0.2930000126361847], ['436994', 0.28200000524520874], ['1102878153', 0.24500000476837158], ['1020813120', 0.24199999868869781], ['1020828667', 0.23800000548362732], ['1015468796', 0.22599999606609344], ['1018515455', 0.22499999403953552], ['1020814482', 0.20100000500679016], ['1010224167', 0.19699999690055847], ['1052401998', 0.1940000057220459], ['1020824328', 0.1899999976158142], ['1126242201', 0.1770000010728836], ['550555', 0.17599999904632568], ['1019115391', 0.17499999701976776], ['1001269777', 0.16300000250339508], ['1015481751', 0.15299999713897705], ['1013640808', 0.14300000667572021], ['1032473955', 0.14000000059604645], ['1015461098', 0.13500000536441803], ['1026295355', 0.13099999725818634], ['1094962099', 0.125], ['1078372140', 0.11599999666213989], ['1072709246', 0.11500000208616257], ['1073518685', 0.1120000034570694], ['1022422154', 0.11100000143051147], ['1014258880', 0.10999999940395355], ['1007669144', 0.10300000011920929], ['1020804987', 0.0949999988079071], ['1020821129', 0.07900000363588333], ['52883703', 0.07500000298023224], ['1026586874', 0.06499999761581421], ['1020804505', 0.05900000035762787], ['1015468211', 0.05400000140070915], ['1031150558', 0.052000001072883606], ['1049644393', 0.0]]]","[['Female', 0.06000000238418579], ['Male', 0.9399999976158142]]","[19L, 1.0]","[175.1999969482422, 0.07999999821186066]",830,1
1000163500,"[0.5320000052452087, [['1000163500', 1.0], ['1019107402', 0.26600000262260437], ['436994', 0.25999999046325684], ['1031137228', 0.18799999356269836], ['1019115391', 0.16200000047683716], ['1075688475', 0.13300000131130219], ['1020815953', 0.13199999928474426], ['1007386914', 0.11999999731779099], ['1018515455', 0.09099999815225601], ['1078372140', 0.09000000357627869], ['1000832665', 0.08799999952316284], ['1007669144', 0.08500000089406967], ['1015481751', 0.0820000022649765], ['1000611763', 0.08100000023841858], ['1073518685', 0.07699999958276749], ['1016079347', 0.07599999755620956], ['1013640808', 0.07599999755620956], ['1032473955', 0.06499999761581421], ['550555', 0.06300000101327896], ['1020813120', 0.05700000002980232], ['1072709246', 0.05299999937415123], ['1026586874', 0.03500000014901161], ['1010224167', 0.02199999988079071], ['1020804987', 0.014000000432133675], ['1020828667', 0.014000000432133675], ['1020804505', 0.00800000037997961], ['1015468211', 0.004999999888241291], ['1049644393', 0.0], ['1020814482', 0.0], ['1026295355', 0.0], ['1014258880', 0.0], ['1102878153', 0.0], ['1126242201', 0.0], ['1022422154', 0.0], ['1094962099', 0.0], ['1001269777', 0.0], ['1015468796', 0.0], ['52883703', 0.0], ['1031150558', 0.0], ['1026582059', 0.0], ['1015461098', 0.0], ['1052401998', 0.0], ['1020821129', 0.0], ['1020824328', 0.0]]]","[['Female', 0.5], ['Male', 0.5]]","[0L, 0.0]","[155.10000610351562, 0.07999999821186066]",831,1
1004461403,"[0.5270000100135803, [['1004461403', 1.0], ['436994', 0.515999972820282], ['1000832665', 0.4650000035762787], ['1020815953', 0.46399998664855957], ['1019107402', 0.45399999618530273], ['1031137228', 0.4519999921321869], ['1075688475', 0.43799999356269836], ['1007386914', 0.3630000054836273], ['1020828667', 0.2980000078678131], ['1016079347', 0.2619999945163727], ['1000611763', 0.24400000274181366], ['1073518685', 0.2199999988079071], ['1019115391', 0.20999999344348907], ['1072709246', 0.1899999976158142], ['1013640808', 0.1889999955892563], ['1020824328', 0.15700000524520874], ['1102878153', 0.15600000321865082], ['1094962099', 0.1469999998807907], ['1026295355', 0.13199999928474426], ['1010224167', 0.12300000339746475], ['1000163500', 0.12300000339746475], ['1032473955', 0.11100000143051147], ['1026582059', 0.10899999737739563], ['1020804505', 0.0989999994635582], ['1015481751', 0.09300000220537186], ['1052401998', 0.09099999815225601], ['1014258880', 0.08900000154972076], ['1020813120', 0.08799999952316284], ['1018515455', 0.08299999684095383], ['1001269777', 0.08100000023841858], ['1031150558', 0.08100000023841858], ['1020814482', 0.07900000363588333], ['1020804987', 0.07500000298023224], ['550555', 0.07400000095367432], ['1015468796', 0.07000000029802322], ['1022422154', 0.06499999761581421], ['1007669144', 0.06400000303983688], ['1078372140', 0.06199999898672104], ['1015468211', 0.05999999865889549], ['1049644393', 0.057999998331069946], ['1020821129', 0.035999998450279236], ['1126242201', 0.013000000268220901], ['52883703', 0.007000000216066837], ['1015461098', 0.0], ['1026586874', 0.0]]]","[['Female', 0.10900002717971802], ['Male', 0.890999972820282]]","[27L, 0.2849999964237213]","[168.8000030517578, 0.07999999821186066]",832,1
1000850563,"[0.7400000095367432, [['1000850563', 1.0], ['1000611763', 0.3869999945163727], ['1031137228', 0.3059999942779541], ['1007386914', 0.27399998903274536], ['1015481751', 0.2720000147819519], ['1000832665', 0.25999999046325684], ['1018515455', 0.2540000081062317], ['1010224167', 0.23600000143051147], ['1014258880', 0.23199999332427979], ['1019107402', 0.2160000056028366], ['436994', 0.21199999749660492], ['550555', 0.20800000429153442], ['1020828667', 0.17900000512599945], ['1075688475', 0.1720000058412552], ['1032473955', 0.16899999976158142], ['1015461098', 0.16599999368190765], ['1019115391', 0.16200000047683716], ['1020815953', 0.1599999964237213], ['1015468796', 0.15700000524520874], ['1016079347', 0.15700000524520874], ['1102878153', 0.1550000011920929], ['1020804987', 0.15199999511241913], ['1013640808', 0.1509999930858612], ['1026582059', 0.1469999998807907], ['1015468211', 0.1340000033378601], ['1020804505', 0.1289999932050705], ['52883703', 0.12300000339746475], ['1007669144', 0.11699999868869781], ['1026295355', 0.11100000143051147], ['1072709246', 0.11100000143051147], ['1020813120', 0.10499999672174454], ['1004461403', 0.09799999743700027], ['1031150558', 0.09600000083446503], ['1052401998', 0.08699999749660492], ['1126242201', 0.0820000022649765], ['1001269777', 0.07900000363588333], ['1078372140', 0.07800000160932541], ['1020824328', 0.07800000160932541], ['1020821129', 0.07599999755620956], ['1020814482', 0.07000000029802322], ['1022422154', 0.06499999761581421], ['1049644393', 0.06300000101327896], ['1073518685', 0.06199999898672104], ['1026586874', 0.050999999046325684], ['1094962099', 0.013000000268220901], ['1000163500', 0.0]]]","[['Female', 0.515999972820282], ['Male', 0.484000027179718]]","[59L, 0.3330000042915344]","[160.6999969482422, 0.07999999821186066]",833,1
1001054711,"[0.7900000214576721, [['1001054711', 1.0], ['1015468796', 0.453000009059906], ['1052401998', 0.3630000054836273], ['1020821129', 0.3319999873638153], ['1016079347', 0.2680000066757202], ['1015461098', 0.2669999897480011], ['1020814482', 0.26600000262260437], ['1026582059', 0.2549999952316284], ['1126242201', 0.2540000081062317], ['1019115391', 0.25200000405311584], ['1010224167', 0.23600000143051147], ['1001269777', 0.23499999940395355], ['1015481751', 0.1899999976158142], ['1007669144', 0.1850000023841858], ['1022422154', 0.17299999296665192], ['1026586874', 0.16699999570846558], ['1000611763', 0.1589999943971634], ['1031150558', 0.1550000011920929], ['1032473955', 0.15299999713897705], ['1075688475', 0.14100000262260437], ['1007386914', 0.14000000059604645], ['1000850563', 0.14000000059604645], ['1094962099', 0.13199999928474426], ['1014258880', 0.13099999725818634], ['1073518685', 0.12600000202655792], ['1026295355', 0.10300000011920929], ['1019107402', 0.10000000149011612], ['1020804505', 0.10000000149011612], ['1015468211', 0.09700000286102295], ['436994', 0.09700000286102295], ['550555', 0.0949999988079071], ['1020824328', 0.0949999988079071], ['1072709246', 0.09300000220537186], ['1020813120', 0.09200000017881393], ['1078372140', 0.08900000154972076], ['1031137228', 0.08500000089406967], ['1102878153', 0.08100000023841858], ['1049644393', 0.07900000363588333], ['1013640808', 0.07500000298023224], ['1000832665', 0.07400000095367432], ['1018515455', 0.07000000029802322], ['1020804987', 0.061000000685453415], ['52883703', 0.05400000140070915], ['1004461403', 0.05400000140070915], ['1020828667', 0.017999999225139618], ['1020815953', 0.017000000923871994], ['1000163500', 0.00800000037997961]]]","[['Female', 0.2929999828338623], ['Male', 0.7070000171661377]]","[25L, 0.6660000085830688]","[171.8000030517578, 0.07999999821186066]",834,1
1124071959,"[0.6100000143051147, [['1124071959', 1.0], ['1019115391', 0.31700000166893005], ['1010224167', 0.2939999997615814], ['1022422154', 0.2770000100135803], ['1015461098', 0.2680000066757202], ['1026295355', 0.2639999985694885], ['1026582059', 0.25999999046325684], ['1126242201', 0.2549999952316284], ['1032473955', 0.23499999940395355], ['1014258880', 0.22599999606609344], ['1052401998', 0.2240000069141388], ['1015481751', 0.19499999284744263], ['1072709246', 0.19200000166893005], ['1016079347', 0.18299999833106995], ['1020813120', 0.16699999570846558], ['1001054711', 0.16699999570846558], ['1075688475', 0.16500000655651093], ['1020815953', 0.1589999943971634], ['1000611763', 0.1589999943971634], ['1001269777', 0.15399999916553497], ['1026586874', 0.15199999511241913], ['1020824328', 0.15199999511241913], ['1000850563', 0.14800000190734863], ['1078372140', 0.14300000667572021], ['1013640808', 0.1420000046491623], ['1004461403', 0.1340000033378601], ['1020821129', 0.13199999928474426], ['1015468211', 0.12800000607967377], ['1102878153', 0.11800000071525574], ['550555', 0.11500000208616257], ['1094962099', 0.11299999803304672], ['1049644393', 0.1080000028014183], ['1018515455', 0.10599999874830246], ['1015468796', 0.09799999743700027], ['436994', 0.09700000286102295], ['1007669144', 0.09600000083446503], ['1073518685', 0.09399999678134918], ['1000832665', 0.0860000029206276], ['1031150558', 0.08500000089406967], ['1031137228', 0.07800000160932541], ['1007386914', 0.07699999958276749], ['1020804987', 0.06800000369548798], ['1019107402', 0.06499999761581421], ['1020814482', 0.061000000685453415], ['52883703', 0.057999998331069946], ['1020804505', 0.03999999910593033], ['1020828667', 0.029999999329447746], ['1000163500', 0.0]]]","[['Female', 0.0], ['Male', 1.0]]","[21L, 0.5]","[178.8000030517578, 0.07999999821186066]",834,1
1018508196,"[0.7279999852180481, [['1018508196', 1.0], ['1015461098', 0.37400001287460327], ['1052401998', 0.3179999887943268], ['1015481751', 0.3149999976158142], ['1022422154', 0.3140000104904175], ['1020821129', 0.28600001335144043], ['1001054711', 0.2759999930858612], ['1015468796', 0.25999999046325684], ['1026295355', 0.24899999797344208], ['1126242201', 0.2070000022649765], ['1026582059', 0.2070000022649765], ['1124071959', 0.20399999618530273], ['1020813120', 0.20100000500679016], ['1001269777', 0.20000000298023224], ['1031150558', 0.18199999630451202], ['1020814482', 0.17599999904632568], ['1000832665', 0.17599999904632568], ['1010224167', 0.17399999499320984], ['550555', 0.1720000058412552], ['1031137228', 0.16500000655651093], ['1019107402', 0.1550000011920929], ['1014258880', 0.14800000190734863], ['1019115391', 0.14100000262260437], ['1000611763', 0.13899999856948853], ['1004461403', 0.1379999965429306], ['1032473955', 0.12200000137090683], ['1000850563', 0.11599999666213989], ['1094962099', 0.1120000034570694], ['1075688475', 0.10700000077486038], ['1007669144', 0.10700000077486038], ['1020804505', 0.0949999988079071], ['1016079347', 0.0949999988079071], ['1020815953', 0.08900000154972076], ['1078372140', 0.08699999749660492], ['1007386914', 0.0820000022649765], ['1018515455', 0.0820000022649765], ['1073518685', 0.07599999755620956], ['1102878153', 0.07500000298023224], ['52883703', 0.07400000095367432], ['1020804987', 0.0729999989271164], ['1026586874', 0.0729999989271164], ['1049644393', 0.07199999690055847], ['1072709246', 0.06800000369548798], ['1013640808', 0.06499999761581421], ['1015468211', 0.05900000035762787], ['1020824328', 0.05900000035762787], ['1020828667', 0.027000000700354576], ['436994', 0.00800000037997961], ['1000163500', 0.0]]]","[['Female', 0.14300000667572021], ['Male', 0.8569999933242798]]","[24L, 0.6660000085830688]","[152.60000610351562, 0.07999999821186066]",835,1
1019107402,"[0.5590000152587891, [['1019107402', 0.9240000247955322], ['436994', 0.4300000071525574], ['1004461403', 0.4189999997615814], ['1072709246', 0.4099999964237213], ['1000832665', 0.32499998807907104], ['1020815953', 0.30799999833106995], ['1026582059', 0.3009999990463257], ['1019115391', 0.27300000190734863], ['1031137228', 0.26100000739097595], ['1075688475', 0.25699999928474426], ['1020824328', 0.2549999952316284], ['1013640808', 0.24799999594688416], ['1016079347', 0.23499999940395355], ['1073518685', 0.2280000001192093], ['1020814482', 0.22699999809265137], ['1007386914', 0.20200000703334808], ['1000611763', 0.20200000703334808], ['1010224167', 0.16899999976158142], ['1018508196', 0.164000004529953], ['1020821129', 0.15299999713897705], ['1015468796', 0.1420000046491623], ['1007669144', 0.12099999934434891], ['1000163500', 0.10899999737739563], ['1015481751', 0.10000000149011612], ['1015461098', 0.0989999994635582], ['1124071959', 0.0989999994635582], ['1026295355', 0.09700000286102295], ['1001054711', 0.09200000017881393], ['1001269777', 0.08900000154972076], ['1020813120', 0.0860000029206276], ['1026586874', 0.0860000029206276], ['1015468211', 0.07599999755620956], ['1102878153', 0.07599999755620956], ['1032473955', 0.07400000095367432], ['1126242201', 0.0729999989271164], ['1020804505', 0.07000000029802322], ['1000850563', 0.0689999982714653], ['1020828667', 0.061000000685453415], ['1052401998', 0.05999999865889549], ['1031150558', 0.054999999701976776], ['550555', 0.05299999937415123], ['1020804987', 0.050999999046325684], ['1094962099', 0.04100000113248825], ['1014258880', 0.03400000184774399], ['1022422154', 0.013000000268220901], ['1049644393', 0.0], ['52883703', 0.0], ['1078372140', 0.0], ['1018515455', 0.0]]]","[['Female', 0.0], ['Male', 1.0]]","[27L, 0.6660000085830688]","[171.0, 0.07999999821186066]",835,1
1032487011,"[0.7009999752044678, [['1032487011', 1.0], ['1010224167', 0.5180000066757202], ['1015461098', 0.375], ['1026582059', 0.3370000123977661], ['1020821129', 0.31200000643730164], ['1019115391', 0.2930000126361847], ['1020814482', 0.2639999985694885], ['1007669144', 0.2540000081062317], ['1032473955', 0.25], ['1018508196', 0.25], ['1073518685', 0.23800000548362732], ['1020813120', 0.2280000001192093], ['1019107402', 0.22200000286102295], ['1020824328', 0.22100000083446503], ['1000611763', 0.21400000154972076], ['1014258880', 0.2070000022649765], ['1026586874', 0.1979999989271164], ['1102878153', 0.1889999955892563], ['1072709246', 0.18400000035762787], ['1015468796', 0.1809999942779541], ['550555', 0.16699999570846558], ['1020804987', 0.1509999930858612], ['1001054711', 0.1509999930858612], ['1052401998', 0.15000000596046448], ['1124071959', 0.14900000393390656], ['1013640808', 0.1469999998807907], ['1000850563', 0.13899999856948853], ['1126242201', 0.12200000137090683], ['1020815953', 0.11900000274181366], ['1007386914', 0.11599999666213989], ['1000832665', 0.11500000208616257], ['1022422154', 0.10999999940395355], ['436994', 0.10199999809265137], ['1026295355', 0.10100000351667404], ['1004461403', 0.10000000149011612], ['1015468211', 0.09799999743700027], ['1031150558', 0.09799999743700027], ['1015481751', 0.09700000286102295], ['1016079347', 0.09000000357627869], ['1001269777', 0.07500000298023224], ['1078372140', 0.07199999690055847], ['1031137228', 0.07100000232458115], ['52883703', 0.06300000101327896], ['1020804505', 0.057999998331069946], ['1049644393', 0.052000001072883606], ['1075688475', 0.050999999046325684], ['1020828667', 0.03200000151991844], ['1094962099', 0.0], ['1018515455', 0.0], ['1000163500', 0.0]]]","[['Female', 0.0], ['Male', 1.0]]","[24L, 0.6660000085830688]","[159.5, 0.07999999821186066]",836,1
1019142951,"[0.7480000257492065, [['1019142951', 1.0], ['1052401998', 0.3840000033378601], ['1015468796', 0.3569999933242798], ['1020814482', 0.26899999380111694], ['1000611763', 0.2680000066757202], ['1094962099', 0.2549999952316284], ['1001054711', 0.2540000081062317], ['1001269777', 0.24500000476837158], ['1015461098', 0.23499999940395355], ['1020821129', 0.22499999403953552], ['1018508196', 0.2240000069141388], ['1007386914', 0.22300000488758087], ['1019115391', 0.21199999749660492], ['1032487011', 0.20499999821186066], ['1004461403', 0.1979999989271164], ['1020804505', 0.1860000044107437], ['1026295355', 0.17900000512599945], ['1022422154', 0.17599999904632568], ['1016079347', 0.17599999904632568], ['1013640808', 0.17299999296665192], ['1032473955', 0.17000000178813934], ['1007669144', 0.16699999570846558], ['1075688475', 0.15800000727176666], ['1015481751', 0.1509999930858612], ['1020813120', 0.15000000596046448], ['1073518685', 0.15000000596046448], ['1015468211', 0.1420000046491623], ['1078372140', 0.14000000059604645], ['1000832665', 0.12999999523162842], ['1126242201', 0.12600000202655792], ['1020804987', 0.12600000202655792], ['1031137228', 0.12200000137090683], ['1102878153', 0.11900000274181366], ['436994', 0.11100000143051147], ['1026582059', 0.1080000028014183], ['1010224167', 0.10700000077486038], ['1014258880', 0.10700000077486038], ['1031150558', 0.10599999874830246], ['1018515455', 0.10100000351667404], ['1049644393', 0.09799999743700027], ['1020824328', 0.09700000286102295], ['1019107402', 0.0949999988079071], ['1020815953', 0.08799999952316284], ['550555', 0.08799999952316284], ['1124071959', 0.0860000029206276], ['1000850563', 0.07800000160932541], ['1026586874', 0.06599999964237213], ['1020828667', 0.05900000035762787], ['1000163500', 0.004000000189989805], ['1072709246', 0.0], ['52883703', 0.0]]]","[['Female', 0.10100001096725464], ['Male', 0.8989999890327454]]","[29L, 0.6660000085830688]","[154.6999969482422, 0.07999999821186066]",836,1
1031137228,"[0.6039999723434448, [['1031137228', 0.9509999752044678], ['1000611763', 0.7039999961853027], ['1000832665', 0.5600000023841858], ['1007386914', 0.49900001287460327], ['1075688475', 0.48399999737739563], ['1019107402', 0.4580000042915344], ['436994', 0.4269999861717224], ['1020815953', 0.421999990940094], ['1016079347', 0.4169999957084656], ['1004461403', 0.3720000088214874], ['1000850563', 0.27900001406669617], ['1015468796', 0.2460000067949295], ['1010224167', 0.2199999988079071], ['1019115391', 0.21799999475479126], ['1102878153', 0.20900000631809235], ['1032473955', 0.20900000631809235], ['1014258880', 0.2029999941587448], ['1018515455', 0.20000000298023224], ['1072709246', 0.18700000643730164], ['1013640808', 0.17000000178813934], ['1001269777', 0.16899999976158142], ['1031150558', 0.1550000011920929], ['1020828667', 0.15299999713897705], ['1052401998', 0.15199999511241913], ['1020813120', 0.14499999582767487], ['1020824328', 0.1420000046491623], ['1015461098', 0.13300000131130219], ['1026582059', 0.12300000339746475], ['550555', 0.11999999731779099], ['1018508196', 0.11500000208616257], ['1015468211', 0.11400000005960464], ['1022422154', 0.11400000005960464], ['1019142951', 0.10700000077486038], ['1032487011', 0.10599999874830246], ['1026295355', 0.10400000214576721], ['1124071959', 0.10300000011920929], ['1020804505', 0.10000000149011612], ['1000163500', 0.10000000149011612], ['1020804987', 0.09099999815225601], ['1007669144', 0.08699999749660492], ['1078372140', 0.0860000029206276], ['1073518685', 0.07900000363588333], ['1126242201', 0.07900000363588333], ['1001054711', 0.07800000160932541], ['1020814482', 0.0729999989271164], ['1015481751', 0.061000000685453415], ['1020821129', 0.0560000017285347], ['1094962099', 0.04500000178813934], ['1026586874', 0.04399999976158142], ['52883703', 0.041999999433755875], ['1049644393', 0.0]]]","[['Female', 0.0], ['Male', 1.0]]","[22L, 0.6660000085830688]","[173.0, 0.07999999821186066]",845,0
1031137228,"[0.6309999823570251, [['1031137228', 0.9599999785423279], ['1000611763', 0.6259999871253967], ['1000832665', 0.5370000004768372], ['1007386914', 0.46000000834465027], ['1020815953', 0.4560000002384186], ['1075688475', 0.4320000112056732], ['1019107402', 0.42399999499320984], ['1016079347', 0.4129999876022339], ['436994', 0.35600000619888306], ['1004461403', 0.3529999852180481], ['1000850563', 0.29499998688697815], ['1020828667', 0.25], ['1018515455', 0.24199999868869781], ['1010224167', 0.21899999678134918], ['1019115391', 0.21799999475479126], ['1015468796', 0.21799999475479126], ['1102878153', 0.210999995470047], ['1001269777', 0.2070000022649765], ['1013640808', 0.20000000298023224], ['1032473955', 0.19900000095367432], ['1014258880', 0.18700000643730164], ['1026295355', 0.1679999977350235], ['1018508196', 0.15199999511241913], ['1015461098', 0.1469999998807907], ['1072709246', 0.14399999380111694], ['1026582059', 0.13500000536441803], ['1124071959', 0.13099999725818634], ['1019142951', 0.12700000405311584], ['1052401998', 0.12099999934434891], ['1020824328', 0.11999999731779099], ['1020804505', 0.11100000143051147], ['550555', 0.10899999737739563], ['1020813120', 0.1080000028014183], ['1031150558', 0.10199999809265137], ['1032487011', 0.09300000220537186], ['1001054711', 0.09200000017881393], ['1073518685', 0.09099999815225601], ['1094962099', 0.09099999815225601], ['1026586874', 0.08799999952316284], ['1000163500', 0.07900000363588333], ['1007669144', 0.07599999755620956], ['1015468211', 0.07500000298023224], ['1022422154', 0.07500000298023224], ['1078372140', 0.07100000232458115], ['1015481751', 0.06400000303983688], ['1126242201', 0.061000000685453415], ['1020814482', 0.05900000035762787], ['52883703', 0.054999999701976776], ['1020821129', 0.05299999937415123], ['1020804987', 0.050999999046325684], ['1049644393', 0.0]]]","[['Female', 0.18199998140335083], ['Male', 0.8180000185966492]]","[28L, 0.20000000298023224]","[165.10000610351562, 0.07999999821186066]",846,0
1031137228,"[0.515999972820282, [['1031137228', 0.8209999799728394], ['1000611763', 0.4779999852180481], ['1020815953', 0.4269999861717224], ['1019107402', 0.3970000147819519], ['1000832665', 0.3930000066757202], ['1007386914', 0.3779999911785126], ['436994', 0.3610000014305115], ['1016079347', 0.3319999873638153], ['1075688475', 0.3319999873638153], ['1020828667', 0.2930000126361847], ['1004461403', 0.27399998903274536], ['1000850563', 0.27000001072883606], ['1018515455', 0.24300000071525574], ['1031150558', 0.23399999737739563], ['1032473955', 0.21699999272823334], ['1013640808', 0.21299999952316284], ['1015468796', 0.18199999630451202], ['1014258880', 0.1770000010728836], ['1001269777', 0.16699999570846558], ['1019115391', 0.15600000321865082], ['1052401998', 0.14800000190734863], ['1019142951', 0.12700000405311584], ['1026582059', 0.11699999868869781], ['1010224167', 0.11599999666213989], ['1018508196', 0.11599999666213989], ['1001054711', 0.11299999803304672], ['1026295355', 0.0989999994635582], ['1020821129', 0.09099999815225601], ['1000163500', 0.08900000154972076], ['1078372140', 0.08399999886751175], ['1020813120', 0.08299999684095383], ['1020804505', 0.0820000022649765], ['1020804987', 0.07900000363588333], ['1020814482', 0.07800000160932541], ['1124071959', 0.07800000160932541], ['1022422154', 0.07699999958276749], ['550555', 0.07699999958276749], ['1015468211', 0.07599999755620956], ['1126242201', 0.07100000232458115], ['1072709246', 0.06700000166893005], ['1015461098', 0.06700000166893005], ['1094962099', 0.061000000685453415], ['1102878153', 0.057999998331069946], ['1073518685', 0.05700000002980232], ['1020824328', 0.05299999937415123], ['1015481751', 0.027000000700354576], ['1032487011', 0.004000000189989805], ['1049644393', 0.0], ['52883703', 0.0], ['1026586874', 0.0], ['1007669144', 0.0]]]","[['Female', 0.14899998903274536], ['Male', 0.8510000109672546]]","[43L, 0.16599999368190765]","[165.10000610351562, 0.07999999821186066]",847,0
1031137228,"[0.675000011920929, [['1031137228', 0.9620000123977661], ['1000611763', 0.5950000286102295], ['1000832665', 0.527999997138977], ['1007386914', 0.4729999899864197], ['1020815953', 0.4620000123977661], ['436994', 0.4480000138282776], ['1019107402', 0.44600000977516174], ['1004461403', 0.4410000145435333], ['1075688475', 0.4399999976158142], ['1016079347', 0.4129999876022339], ['1020828667', 0.3100000023841858], ['1000850563', 0.2879999876022339], ['1018515455', 0.23999999463558197], ['1014258880', 0.2280000001192093], ['1015468796', 0.210999995470047], ['1010224167', 0.20200000703334808], ['1019115391', 0.1809999942779541], ['1013640808', 0.1809999942779541], ['1031150558', 0.17499999701976776], ['1026295355', 0.17399999499320984], ['1102878153', 0.16899999976158142], ['1052401998', 0.16300000250339508], ['1032473955', 0.1589999943971634], ['1001269777', 0.15299999713897705], ['1020824328', 0.14300000667572021], ['1022422154', 0.14100000262260437], ['1072709246', 0.13899999856948853], ['1020813120', 0.13600000739097595], ['1018508196', 0.13300000131130219], ['1019142951', 0.13199999928474426], ['1015468211', 0.12700000405311584], ['1124071959', 0.12099999934434891], ['1015461098', 0.11699999868869781], ['1020804505', 0.10499999672174454], ['1001054711', 0.10499999672174454], ['1126242201', 0.10100000351667404], ['550555', 0.10100000351667404], ['1020804987', 0.0989999994635582], ['1015481751', 0.09600000083446503], ['1032487011', 0.09399999678134918], ['1007669144', 0.09300000220537186], ['1073518685', 0.0820000022649765], ['1026582059', 0.07500000298023224], ['1078372140', 0.0729999989271164], ['1094962099', 0.06700000166893005], ['1020821129', 0.05999999865889549], ['1000163500', 0.05400000140070915], ['1020814482', 0.05299999937415123], ['52883703', 0.03400000184774399], ['1049644393', 0.013000000268220901], ['1026586874', 0.0]]]","[['Female', 0.0], ['Male', 1.0]]","[32L, 0.25]","[165.1999969482422, 0.07999999821186066]",847,0
